Anno,colazione adeguata (con latte e/o del cibo)_femmine_casalinga-o,"colazione adeguata (con latte e/o del cibo)_femmine_direttivo, quadro, impiegato","colazione adeguata (con latte e/o del cibo)_femmine_dirigenti, imprenditori, liberi professionisti",colazione adeguata (con latte e/o del cibo)_femmine_disoccupato alla ricerca di nuova occupazione,colazione adeguata (con latte e/o del cibo)_femmine_in altra condizione,colazione adeguata (con latte e/o del cibo)_femmine_in cerca di prima occupazione,"colazione adeguata (con latte e/o del cibo)_femmine_lavoratore in proprio, coadiuvante familiare, co.co.co.",colazione adeguata (con latte e/o del cibo)_femmine_occupato,"colazione adeguata (con latte e/o del cibo)_femmine_operaio, apprendista",colazione adeguata (con latte e/o del cibo)_femmine_ritirato-a dal lavoro,colazione adeguata (con latte e/o del cibo)_femmine_studente,colazione adeguata (con latte e/o del cibo)_femmine_totale,"colazione adeguata (con latte e/o del cibo)_maschi_direttivo, quadro, impiegato","colazione adeguata (con latte e/o del cibo)_maschi_dirigenti, imprenditori, liberi professionisti",colazione adeguata (con latte e/o del cibo)_maschi_disoccupato alla ricerca di nuova occupazione,colazione adeguata (con latte e/o del cibo)_maschi_in altra condizione,colazione adeguata (con latte e/o del cibo)_maschi_in cerca di prima occupazione,"colazione adeguata (con latte e/o del cibo)_maschi_lavoratore in proprio, coadiuvante familiare, co.co.co.",colazione adeguata (con latte e/o del cibo)_maschi_occupato,"colazione adeguata (con latte e/o del cibo)_maschi_operaio, apprendista",colazione adeguata (con latte e/o del cibo)_maschi_ritirato-a dal lavoro,colazione adeguata (con latte e/o del cibo)_maschi_studente,colazione adeguata (con latte e/o del cibo)_maschi_totale,colazione con latte e del cibo_femmine_casalinga-o,"colazione con latte e del cibo_femmine_direttivo, quadro, impiegato","colazione con latte e del cibo_femmine_dirigenti, imprenditori, liberi professionisti",colazione con latte e del cibo_femmine_disoccupato alla ricerca di nuova occupazione,colazione con latte e del cibo_femmine_in altra condizione,colazione con latte e del cibo_femmine_in cerca di prima occupazione,"colazione con latte e del cibo_femmine_lavoratore in proprio, coadiuvante familiare, co.co.co.",colazione con latte e del cibo_femmine_occupato,"colazione con latte e del cibo_femmine_operaio, apprendista",colazione con latte e del cibo_femmine_ritirato-a dal lavoro,colazione con latte e del cibo_femmine_studente,colazione con latte e del cibo_femmine_totale,"colazione con latte e del cibo_maschi_direttivo, quadro, impiegato","colazione con latte e del cibo_maschi_dirigenti, imprenditori, liberi professionisti",colazione con latte e del cibo_maschi_disoccupato alla ricerca di nuova occupazione,colazione con latte e del cibo_maschi_in altra condizione,colazione con latte e del cibo_maschi_in cerca di prima occupazione,"colazione con latte e del cibo_maschi_lavoratore in proprio, coadiuvante familiare, co.co.co.",colazione con latte e del cibo_maschi_occupato,"colazione con latte e del cibo_maschi_operaio, apprendista",colazione con latte e del cibo_maschi_ritirato-a dal lavoro,colazione con latte e del cibo_maschi_studente,colazione con latte e del cibo_maschi_totale,pasto principale il pranzo_femmine_casalinga-o,"pasto principale il pranzo_femmine_direttivo, quadro, impiegato","pasto principale il pranzo_femmine_dirigenti, imprenditori, liberi professionisti",pasto principale il pranzo_femmine_disoccupato alla ricerca di nuova occupazione,pasto principale il pranzo_femmine_in altra condizione,pasto principale il pranzo_femmine_in cerca di prima occupazione,"pasto principale il pranzo_femmine_lavoratore in proprio, coadiuvante familiare, co.co.co.",pasto principale il pranzo_femmine_occupato,"pasto principale il pranzo_femmine_operaio, apprendista",pasto principale il pranzo_femmine_ritirato-a dal lavoro,pasto principale il pranzo_femmine_studente,pasto principale il pranzo_femmine_totale,"pasto principale il pranzo_maschi_direttivo, quadro, impiegato","pasto principale il pranzo_maschi_dirigenti, imprenditori, liberi professionisti",pasto principale il pranzo_maschi_disoccupato alla ricerca di nuova occupazione,pasto principale il pranzo_maschi_in altra condizione,pasto principale il pranzo_maschi_in cerca di prima occupazione,"pasto principale il pranzo_maschi_lavoratore in proprio, coadiuvante familiare, co.co.co.",pasto principale il pranzo_maschi_occupato,"pasto principale il pranzo_maschi_operaio, apprendista",pasto principale il pranzo_maschi_ritirato-a dal lavoro,pasto principale il pranzo_maschi_studente,pasto principale il pranzo_maschi_totale,pasto principale la cena_femmine_casalinga-o,"pasto principale la cena_femmine_direttivo, quadro, impiegato","pasto principale la cena_femmine_dirigenti, imprenditori, liberi professionisti",pasto principale la cena_femmine_disoccupato alla ricerca di nuova occupazione,pasto principale la cena_femmine_in altra condizione,pasto principale la cena_femmine_in cerca di prima occupazione,"pasto principale la cena_femmine_lavoratore in proprio, coadiuvante familiare, co.co.co.",pasto principale la cena_femmine_occupato,"pasto principale la cena_femmine_operaio, apprendista",pasto principale la cena_femmine_ritirato-a dal lavoro,pasto principale la cena_femmine_studente,pasto principale la cena_femmine_totale,"pasto principale la cena_maschi_direttivo, quadro, impiegato","pasto principale la cena_maschi_dirigenti, imprenditori, liberi professionisti",pasto principale la cena_maschi_disoccupato alla ricerca di nuova occupazione,pasto principale la cena_maschi_in altra condizione,pasto principale la cena_maschi_in cerca di prima occupazione,"pasto principale la cena_maschi_lavoratore in proprio, coadiuvante familiare, co.co.co.",pasto principale la cena_maschi_occupato,"pasto principale la cena_maschi_operaio, apprendista",pasto principale la cena_maschi_ritirato-a dal lavoro,pasto principale la cena_maschi_studente,pasto principale la cena_maschi_totale,pranzo al bar_femmine_casalinga-o,"pranzo al bar_femmine_direttivo, quadro, impiegato","pranzo al bar_femmine_dirigenti, imprenditori, liberi professionisti",pranzo al bar_femmine_disoccupato alla ricerca di nuova occupazione,pranzo al bar_femmine_in altra condizione,pranzo al bar_femmine_in cerca di prima occupazione,"pranzo al bar_femmine_lavoratore in proprio, coadiuvante familiare, co.co.co.",pranzo al bar_femmine_occupato,"pranzo al bar_femmine_operaio, apprendista",pranzo al bar_femmine_ritirato-a dal lavoro,pranzo al bar_femmine_studente,pranzo al bar_femmine_totale,"pranzo al bar_maschi_direttivo, quadro, impiegato","pranzo al bar_maschi_dirigenti, imprenditori, liberi professionisti",pranzo al bar_maschi_disoccupato alla ricerca di nuova occupazione,pranzo al bar_maschi_in altra condizione,pranzo al bar_maschi_in cerca di prima occupazione,"pranzo al bar_maschi_lavoratore in proprio, coadiuvante familiare, co.co.co.",pranzo al bar_maschi_occupato,"pranzo al bar_maschi_operaio, apprendista",pranzo al bar_maschi_ritirato-a dal lavoro,pranzo al bar_maschi_studente,pranzo al bar_maschi_totale,pranzo al ristorante o trattoria_femmine_casalinga-o,"pranzo al ristorante o trattoria_femmine_direttivo, quadro, impiegato","pranzo al ristorante o trattoria_femmine_dirigenti, imprenditori, liberi professionisti",pranzo al ristorante o trattoria_femmine_disoccupato alla ricerca di nuova occupazione,pranzo al ristorante o trattoria_femmine_in altra condizione,pranzo al ristorante o trattoria_femmine_in cerca di prima occupazione,"pranzo al ristorante o trattoria_femmine_lavoratore in proprio, coadiuvante familiare, co.co.co.",pranzo al ristorante o trattoria_femmine_occupato,"pranzo al ristorante o trattoria_femmine_operaio, apprendista",pranzo al ristorante o trattoria_femmine_ritirato-a dal lavoro,pranzo al ristorante o trattoria_femmine_studente,pranzo al ristorante o trattoria_femmine_totale,"pranzo al ristorante o trattoria_maschi_direttivo, quadro, impiegato","pranzo al ristorante o trattoria_maschi_dirigenti, imprenditori, liberi professionisti",pranzo al ristorante o trattoria_maschi_disoccupato alla ricerca di nuova occupazione,pranzo al ristorante o trattoria_maschi_in altra condizione,pranzo al ristorante o trattoria_maschi_in cerca di prima occupazione,"pranzo al ristorante o trattoria_maschi_lavoratore in proprio, coadiuvante familiare, co.co.co.",pranzo al ristorante o trattoria_maschi_occupato,"pranzo al ristorante o trattoria_maschi_operaio, apprendista",pranzo al ristorante o trattoria_maschi_ritirato-a dal lavoro,pranzo al ristorante o trattoria_maschi_studente,pranzo al ristorante o trattoria_maschi_totale,pranzo in casa_femmine_casalinga-o,"pranzo in casa_femmine_direttivo, quadro, impiegato","pranzo in casa_femmine_dirigenti, imprenditori, liberi professionisti",pranzo in casa_femmine_disoccupato alla ricerca di nuova occupazione,pranzo in casa_femmine_in altra condizione,pranzo in casa_femmine_in cerca di prima occupazione,"pranzo in casa_femmine_lavoratore in proprio, coadiuvante familiare, co.co.co.",pranzo in casa_femmine_occupato,"pranzo in casa_femmine_operaio, apprendista",pranzo in casa_femmine_ritirato-a dal lavoro,pranzo in casa_femmine_studente,pranzo in casa_femmine_totale,"pranzo in casa_maschi_direttivo, quadro, impiegato","pranzo in casa_maschi_dirigenti, imprenditori, liberi professionisti",pranzo in casa_maschi_disoccupato alla ricerca di nuova occupazione,pranzo in casa_maschi_in altra condizione,pranzo in casa_maschi_in cerca di prima occupazione,"pranzo in casa_maschi_lavoratore in proprio, coadiuvante familiare, co.co.co.",pranzo in casa_maschi_occupato,"pranzo in casa_maschi_operaio, apprendista",pranzo in casa_maschi_ritirato-a dal lavoro,pranzo in casa_maschi_studente,pranzo in casa_maschi_totale,pranzo in mensa_femmine_casalinga-o,"pranzo in mensa_femmine_direttivo, quadro, impiegato","pranzo in mensa_femmine_dirigenti, imprenditori, liberi professionisti",pranzo in mensa_femmine_disoccupato alla ricerca di nuova occupazione,pranzo in mensa_femmine_in altra condizione,pranzo in mensa_femmine_in cerca di prima occupazione,"pranzo in mensa_femmine_lavoratore in proprio, coadiuvante familiare, co.co.co.",pranzo in mensa_femmine_occupato,"pranzo in mensa_femmine_operaio, apprendista",pranzo in mensa_femmine_ritirato-a dal lavoro,pranzo in mensa_femmine_studente,pranzo in mensa_femmine_totale,"pranzo in mensa_maschi_direttivo, quadro, impiegato","pranzo in mensa_maschi_dirigenti, imprenditori, liberi professionisti",pranzo in mensa_maschi_disoccupato alla ricerca di nuova occupazione,pranzo in mensa_maschi_in altra condizione,pranzo in mensa_maschi_in cerca di prima occupazione,"pranzo in mensa_maschi_lavoratore in proprio, coadiuvante familiare, co.co.co.",pranzo in mensa_maschi_occupato,"pranzo in mensa_maschi_operaio, apprendista",pranzo in mensa_maschi_ritirato-a dal lavoro,pranzo in mensa_maschi_studente,pranzo in mensa_maschi_totale,pranzo sul posto di lavoro_femmine_casalinga-o,"pranzo sul posto di lavoro_femmine_direttivo, quadro, impiegato","pranzo sul posto di lavoro_femmine_dirigenti, imprenditori, liberi professionisti",pranzo sul posto di lavoro_femmine_disoccupato alla ricerca di nuova occupazione,pranzo sul posto di lavoro_femmine_in altra condizione,pranzo sul posto di lavoro_femmine_in cerca di prima occupazione,"pranzo sul posto di lavoro_femmine_lavoratore in proprio, coadiuvante familiare, co.co.co.",pranzo sul posto di lavoro_femmine_occupato,"pranzo sul posto di lavoro_femmine_operaio, apprendista",pranzo sul posto di lavoro_femmine_ritirato-a dal lavoro,pranzo sul posto di lavoro_femmine_studente,pranzo sul posto di lavoro_femmine_totale,"pranzo sul posto di lavoro_maschi_direttivo, quadro, impiegato","pranzo sul posto di lavoro_maschi_dirigenti, imprenditori, liberi professionisti",pranzo sul posto di lavoro_maschi_disoccupato alla ricerca di nuova occupazione,pranzo sul posto di lavoro_maschi_in altra condizione,pranzo sul posto di lavoro_maschi_in cerca di prima occupazione,"pranzo sul posto di lavoro_maschi_lavoratore in proprio, coadiuvante familiare, co.co.co.",pranzo sul posto di lavoro_maschi_occupato,"pranzo sul posto di lavoro_maschi_operaio, apprendista",pranzo sul posto di lavoro_maschi_ritirato-a dal lavoro,pranzo sul posto di lavoro_maschi_studente,pranzo sul posto di lavoro_maschi_totale
1993,5342.0,2407.0,187.0,299.0,446.0,576.0,829.0,4880.0,1457.0,3108.0,1676.0,16327.0,2320.0,774.0,343.0,400.0,682.0,1793.0,7895.0,3007.0,3168.0,1674.0,14162.0,0.0,0.0,0.0,0.0,0.0,0.0,0.0,0.0,0.0,0.0,0.0,0.0,0.0,0.0,0.0,0.0,0.0,0.0,0.0,0.0,0.0,0.0,0.0,7414.0,2086.0,182.0,330.0,617.0,676.0,976.0,4772.0,1528.0,4279.0,1677.0,19765.0,2488.0,769.0,610.0,567.0,829.0,2214.0,9064.0,3593.0,4728.0,1652.0,17449.0,939.0,1126.0,104.0,76.0,28.0,107.0,255.0,2102.0,617.0,258.0,398.0,3908.0,1250.0,448.0,100.0,52.0,134.0,733.0,3793.0,1363.0,284.0,374.0,4737.0,5.0,173.0,23.0,2.0,4.0,1.0,20.0,253.0,37.0,2.0,38.0,306.0,181.0,74.0,6.0,0.0,4.0,101.0,410.0,55.0,1.0,38.0,459.0,9.0,101.0,4.0,,4.0,1.0,23.0,161.0,32.0,0.0,10.0,186.0,273.0,109.0,1.0,1.0,7.0,160.0,788.0,246.0,13.0,15.0,825.0,8529.0,2403.0,234.0,423.0,645.0,814.0,1162.0,5517.0,1718.0,4602.0,1912.0,22441.0,2509.0,900.0,690.0,541.0,956.0,2526.0,9292.0,3357.0,5044.0,1812.0,18334.0,0.0,0.0,0.0,0.0,0.0,0.0,0.0,0.0,0.0,0.0,0.0,0.0,0.0,0.0,0.0,0.0,0.0,0.0,0.0,0.0,0.0,0.0,0.0,0.0,0.0,0.0,0.0,0.0,0.0,0.0,0.0,0.0,0.0,0.0,0.0,0.0,0.0,0.0,0.0,0.0,0.0,0.0,0.0,0.0,0.0,0.0
1994,5697.0,2513.0,212.0,348.0,499.0,587.0,870.0,5094.0,1497.0,3163.0,1850.0,17238.0,2372.0,857.0,412.0,449.0,646.0,1773.0,8155.0,3153.0,3458.0,1763.0,14884.0,0.0,0.0,0.0,0.0,0.0,0.0,0.0,0.0,0.0,0.0,0.0,0.0,0.0,0.0,0.0,0.0,0.0,0.0,0.0,0.0,0.0,0.0,0.0,7487.0,2100.0,180.0,365.0,645.0,665.0,947.0,4718.0,1490.0,4142.0,1708.0,19729.0,2420.0,829.0,635.0,619.0,745.0,2071.0,8731.0,3411.0,4902.0,1709.0,17341.0,910.0,1199.0,118.0,98.0,37.0,81.0,268.0,2166.0,581.0,281.0,406.0,3981.0,1287.0,485.0,120.0,72.0,98.0,666.0,3863.0,1424.0,309.0,382.0,4842.0,3.0,165.0,19.0,1.0,0.0,6.0,25.0,245.0,35.0,3.0,56.0,314.0,210.0,77.0,6.0,4.0,4.0,87.0,470.0,97.0,19.0,30.0,533.0,18.0,129.0,14.0,0.0,1.0,3.0,19.0,199.0,38.0,1.0,14.0,236.0,341.0,122.0,8.0,6.0,11.0,168.0,935.0,303.0,24.0,27.0,1011.0,8571.0,2539.0,246.0,480.0,693.0,770.0,1149.0,5611.0,1676.0,4480.0,2003.0,22608.0,2416.0,1004.0,737.0,620.0,845.0,2326.0,9028.0,3283.0,5227.0,1893.0,18351.0,0.0,0.0,0.0,0.0,0.0,0.0,0.0,0.0,0.0,0.0,0.0,0.0,0.0,0.0,0.0,0.0,0.0,0.0,0.0,0.0,0.0,0.0,0.0,0.0,0.0,0.0,0.0,0.0,0.0,0.0,0.0,0.0,0.0,0.0,0.0,0.0,0.0,0.0,0.0,0.0,0.0,0.0,0.0,0.0,0.0,0.0
1995,5832.0,2619.0,285.0,298.0,512.0,688.0,865.0,5398.0,1629.0,3364.0,1787.0,17880.0,2520.0,904.0,372.0,450.0,714.0,1887.0,8455.0,3145.0,3682.0,1752.0,15425.0,0.0,0.0,0.0,0.0,0.0,0.0,0.0,0.0,0.0,0.0,0.0,0.0,0.0,0.0,0.0,0.0,0.0,0.0,0.0,0.0,0.0,0.0,0.0,7343.0,2053.0,203.0,311.0,691.0,731.0,935.0,4746.0,1555.0,4268.0,1686.0,19775.0,2300.0,800.0,536.0,566.0,795.0,2076.0,8555.0,3379.0,4994.0,1602.0,17047.0,983.0,1197.0,138.0,90.0,40.0,89.0,243.0,2207.0,630.0,281.0,381.0,4071.0,1385.0,537.0,119.0,69.0,130.0,751.0,4145.0,1472.0,361.0,415.0,5239.0,12.0,229.0,15.0,8.0,1.0,8.0,32.0,326.0,50.0,4.0,55.0,413.0,205.0,79.0,5.0,4.0,10.0,116.0,518.0,118.0,8.0,56.0,602.0,16.0,156.0,25.0,4.0,1.0,3.0,19.0,232.0,32.0,4.0,21.0,280.0,396.0,175.0,11.0,5.0,7.0,232.0,1141.0,338.0,16.0,13.0,1193.0,8458.0,2373.0,271.0,392.0,732.0,846.0,1122.0,5479.0,1713.0,4583.0,1941.0,22430.0,2187.0,968.0,636.0,558.0,908.0,2354.0,8623.0,3113.0,5359.0,1834.0,17918.0,0.0,0.0,0.0,0.0,0.0,0.0,0.0,0.0,0.0,0.0,0.0,0.0,0.0,0.0,0.0,0.0,0.0,0.0,0.0,0.0,0.0,0.0,0.0,0.0,0.0,0.0,0.0,0.0,0.0,0.0,0.0,0.0,0.0,0.0,0.0,0.0,0.0,0.0,0.0,0.0,0.0,0.0,0.0,0.0,0.0,0.0
1996,6398.0,3003.0,322.0,383.0,707.0,678.0,842.0,5659.0,1492.0,3702.0,1922.0,19450.0,2846.0,1075.0,471.0,533.0,699.0,1856.0,8999.0,3224.0,4169.0,1860.0,16731.0,3601.0,1705.0,183.0,203.0,398.0,391.0,494.0,3237.0,855.0,2122.0,1182.0,11133.0,1570.0,602.0,254.0,314.0,469.0,1047.0,5079.0,1859.0,2358.0,1219.0,9693.0,7105.0,2065.0,234.0,375.0,787.0,692.0,767.0,4294.0,1228.0,4186.0,1667.0,19106.0,2301.0,833.0,622.0,624.0,745.0,1895.0,8122.0,3093.0,5081.0,1601.0,16795.0,1122.0,1487.0,156.0,102.0,79.0,122.0,293.0,2535.0,599.0,297.0,470.0,4728.0,1485.0,616.0,147.0,95.0,117.0,797.0,4411.0,1514.0,419.0,445.0,5634.0,3.0,247.0,27.0,5.0,7.0,4.0,27.0,341.0,40.0,1.0,82.0,444.0,239.0,133.0,11.0,10.0,3.0,162.0,663.0,129.0,7.0,31.0,725.0,4.0,142.0,17.0,2.0,3.0,1.0,23.0,219.0,37.0,2.0,22.0,252.0,407.0,197.0,8.0,12.0,7.0,224.0,1131.0,303.0,20.0,19.0,1196.0,8382.0,2579.0,313.0,484.0,857.0,828.0,994.0,5349.0,1464.0,4544.0,1978.0,22422.0,2207.0,977.0,730.0,624.0,858.0,2173.0,8233.0,2876.0,5480.0,1867.0,17793.0,0.0,0.0,0.0,0.0,0.0,0.0,0.0,0.0,0.0,0.0,0.0,0.0,0.0,0.0,0.0,0.0,0.0,0.0,0.0,0.0,0.0,0.0,0.0,0.0,0.0,0.0,0.0,0.0,0.0,0.0,0.0,0.0,0.0,0.0,0.0,0.0,0.0,0.0,0.0,0.0,0.0,0.0,0.0,0.0,0.0,0.0
1997,6111.0,3159.0,363.0,353.0,733.0,670.0,917.0,5951.0,1511.0,3868.0,1787.0,19473.0,2946.0,1133.0,446.0,560.0,632.0,1942.0,9145.0,3124.0,4153.0,1753.0,16688.0,3537.0,1858.0,227.0,214.0,399.0,381.0,529.0,3501.0,887.0,2231.0,1031.0,11295.0,1651.0,621.0,230.0,319.0,392.0,1073.0,5174.0,1829.0,2262.0,1155.0,9533.0,6846.0,2231.0,216.0,325.0,842.0,642.0,826.0,4546.0,1272.0,4374.0,1553.0,19127.0,2353.0,920.0,568.0,638.0,672.0,1961.0,8153.0,2919.0,5073.0,1570.0,16674.0,1014.0,1537.0,199.0,90.0,54.0,121.0,269.0,2570.0,565.0,326.0,455.0,4630.0,1664.0,634.0,133.0,98.0,104.0,750.0,4463.0,1414.0,445.0,450.0,5692.0,2.0,188.0,54.0,8.0,1.0,6.0,21.0,294.0,32.0,3.0,82.0,395.0,248.0,125.0,10.0,4.0,15.0,80.0,538.0,85.0,3.0,72.0,643.0,8.0,162.0,19.0,0.0,0.0,5.0,14.0,208.0,12.0,2.0,26.0,249.0,354.0,170.0,7.0,11.0,5.0,201.0,973.0,249.0,10.0,29.0,1035.0,8038.0,2506.0,283.0,425.0,862.0,771.0,1025.0,5183.0,1369.0,4791.0,1786.0,21855.0,2226.0,1044.0,634.0,634.0,736.0,2146.0,7973.0,2558.0,5564.0,1743.0,17284.0,8.0,425.0,12.0,1.0,4.0,5.0,1.0,639.0,201.0,4.0,129.0,789.0,660.0,70.0,3.0,31.0,7.0,23.0,1402.0,648.0,13.0,166.0,1622.0,12.0,422.0,45.0,3.0,4.0,6.0,55.0,814.0,292.0,1.0,21.0,861.0,444.0,109.0,23.0,16.0,13.0,228.0,1576.0,794.0,12.0,14.0,1654.0
1998,5966.0,3172.0,366.0,419.0,575.0,721.0,899.0,6050.0,1613.0,4180.0,1788.0,19699.0,3064.0,1180.0,459.0,529.0,644.0,1752.0,9110.0,3114.0,4276.0,1706.0,16724.0,3373.0,1835.0,189.0,241.0,328.0,429.0,540.0,3505.0,940.0,2365.0,1036.0,11276.0,1705.0,626.0,242.0,305.0,391.0,993.0,5070.0,1746.0,2343.0,1112.0,9464.0,6477.0,2207.0,245.0,373.0,651.0,644.0,777.0,4492.0,1263.0,4611.0,1580.0,18829.0,2441.0,866.0,599.0,590.0,658.0,1729.0,7913.0,2876.0,5158.0,1507.0,16424.0,1030.0,1455.0,194.0,121.0,57.0,153.0,312.0,2640.0,677.0,360.0,444.0,4805.0,1606.0,694.0,144.0,100.0,120.0,746.0,4545.0,1499.0,420.0,455.0,5785.0,5.0,182.0,35.0,7.0,3.0,13.0,23.0,266.0,27.0,1.0,70.0,366.0,240.0,113.0,7.0,3.0,7.0,78.0,518.0,87.0,7.0,66.0,607.0,9.0,141.0,15.0,2.0,2.0,1.0,10.0,192.0,25.0,6.0,9.0,221.0,371.0,217.0,9.0,8.0,6.0,178.0,1007.0,240.0,16.0,23.0,1069.0,7647.0,2385.0,330.0,498.0,681.0,814.0,966.0,5072.0,1391.0,5017.0,1782.0,21511.0,2225.0,1006.0,685.0,596.0,769.0,1855.0,7613.0,2527.0,5562.0,1691.0,16916.0,17.0,413.0,13.0,4.0,8.0,4.0,6.0,625.0,192.0,4.0,171.0,832.0,699.0,73.0,5.0,21.0,4.0,28.0,1390.0,591.0,12.0,163.0,1596.0,26.0,494.0,43.0,12.0,3.0,16.0,94.0,1004.0,373.0,4.0,21.0,1084.0,448.0,121.0,24.0,25.0,11.0,293.0,1800.0,938.0,16.0,24.0,1901.0
1999,6000.0,3133.0,352.0,413.0,867.0,662.0,836.0,5957.0,1636.0,3957.0,1778.0,19634.0,2886.0,1105.0,450.0,544.0,636.0,1689.0,8981.0,3301.0,4309.0,1538.0,16458.0,3374.0,1832.0,213.0,238.0,492.0,373.0,489.0,3445.0,911.0,2203.0,1009.0,11134.0,1598.0,563.0,252.0,311.0,381.0,941.0,4959.0,1856.0,2384.0,966.0,9253.0,6487.0,2107.0,248.0,335.0,946.0,603.0,743.0,4358.0,1259.0,4288.0,1518.0,18534.0,2251.0,818.0,592.0,645.0,674.0,1644.0,7669.0,2955.0,5146.0,1392.0,16119.0,967.0,1539.0,173.0,132.0,78.0,104.0,282.0,2665.0,671.0,345.0,456.0,4748.0,1507.0,655.0,160.0,86.0,140.0,720.0,4443.0,1560.0,455.0,449.0,5733.0,17.0,213.0,34.0,5.0,2.0,3.0,30.0,310.0,33.0,10.0,63.0,410.0,228.0,131.0,16.0,8.0,8.0,98.0,542.0,86.0,7.0,82.0,663.0,18.0,133.0,20.0,3.0,4.0,7.0,8.0,182.0,21.0,11.0,24.0,248.0,398.0,171.0,10.0,4.0,8.0,176.0,1005.0,260.0,34.0,16.0,1078.0,7631.0,2424.0,310.0,471.0,1008.0,732.0,902.0,5052.0,1417.0,4643.0,1758.0,21295.0,2032.0,975.0,684.0,680.0,803.0,1829.0,7449.0,2613.0,5602.0,1532.0,16750.0,28.0,362.0,18.0,4.0,13.0,3.0,7.0,566.0,180.0,17.0,157.0,789.0,608.0,60.0,6.0,23.0,6.0,21.0,1320.0,631.0,12.0,173.0,1540.0,38.0,480.0,47.0,8.0,6.0,10.0,108.0,965.0,329.0,8.0,31.0,1066.0,491.0,97.0,16.0,16.0,19.0,257.0,1852.0,1007.0,20.0,27.0,1950.0
2000,5625.0,3367.0,466.0,366.0,871.0,580.0,801.0,6280.0,1646.0,3889.0,1730.0,19341.0,3061.0,1258.0,391.0,541.0,582.0,1647.0,9183.0,3218.0,4201.0,1598.0,16496.0,3032.0,1852.0,256.0,209.0,486.0,328.0,423.0,3406.0,876.0,2150.0,986.0,10596.0,1666.0,647.0,187.0,294.0,363.0,868.0,4881.0,1699.0,2170.0,988.0,8883.0,6157.0,2228.0,319.0,341.0,940.0,547.0,685.0,4559.0,1327.0,4257.0,1494.0,18293.0,2336.0,900.0,469.0,626.0,593.0,1625.0,7748.0,2887.0,4954.0,1313.0,15703.0,1022.0,1639.0,220.0,104.0,80.0,122.0,274.0,2808.0,674.0,356.0,496.0,4988.0,1666.0,790.0,156.0,90.0,139.0,668.0,4801.0,1677.0,489.0,488.0,6164.0,10.0,189.0,31.0,6.0,2.0,5.0,26.0,270.0,23.0,4.0,106.0,403.0,230.0,150.0,13.0,2.0,7.0,98.0,579.0,101.0,16.0,58.0,674.0,11.0,176.0,32.0,5.0,1.0,13.0,12.0,238.0,19.0,8.0,28.0,305.0,437.0,219.0,6.0,9.0,10.0,153.0,1114.0,304.0,26.0,23.0,1188.0,7292.0,2491.0,390.0,440.0,1026.0,668.0,830.0,5192.0,1482.0,4613.0,1747.0,20977.0,2105.0,1061.0,554.0,639.0,679.0,1753.0,7469.0,2550.0,5374.0,1583.0,16297.0,11.0,432.0,19.0,1.0,7.0,5.0,9.0,651.0,191.0,12.0,155.0,841.0,694.0,82.0,6.0,20.0,10.0,23.0,1388.0,590.0,20.0,145.0,1590.0,17.0,540.0,60.0,7.0,3.0,9.0,101.0,1090.0,390.0,10.0,16.0,1153.0,512.0,139.0,34.0,24.0,18.0,252.0,1972.0,1069.0,16.0,17.0,2080.0
2001,5845.0,3366.0,520.0,370.0,1045.0,646.0,850.0,6328.0,1592.0,3509.0,1643.0,19388.0,3020.0,1138.0,466.0,580.0,578.0,1629.0,8900.0,3114.0,4303.0,1528.0,16356.0,3072.0,1814.0,280.0,207.0,588.0,352.0,493.0,3437.0,850.0,1942.0,949.0,10547.0,1621.0,564.0,218.0,288.0,313.0,914.0,4759.0,1660.0,2244.0,933.0,8755.0,6359.0,2300.0,330.0,373.0,1222.0,644.0,718.0,4642.0,1294.0,3895.0,1464.0,18598.0,2315.0,829.0,588.0,694.0,673.0,1521.0,7575.0,2909.0,5232.0,1379.0,16141.0,920.0,1557.0,287.0,87.0,68.0,96.0,270.0,2680.0,565.0,282.0,430.0,4563.0,1600.0,655.0,159.0,92.0,111.0,736.0,4465.0,1473.0,411.0,424.0,5662.0,6.0,257.0,47.0,5.0,2.0,9.0,35.0,366.0,28.0,2.0,67.0,458.0,282.0,139.0,19.0,6.0,10.0,108.0,665.0,136.0,12.0,59.0,770.0,2.0,168.0,40.0,4.0,2.0,4.0,12.0,241.0,21.0,6.0,23.0,280.0,450.0,211.0,8.0,11.0,4.0,188.0,1163.0,316.0,17.0,31.0,1235.0,7475.0,2498.0,393.0,464.0,1281.0,741.0,831.0,5134.0,1412.0,4255.0,1677.0,21026.0,2022.0,883.0,676.0,719.0,733.0,1691.0,7150.0,2554.0,5619.0,1529.0,16428.0,5.0,423.0,33.0,4.0,14.0,7.0,18.0,669.0,195.0,5.0,133.0,837.0,675.0,76.0,13.0,14.0,9.0,18.0,1344.0,575.0,13.0,163.0,1555.0,10.0,554.0,105.0,9.0,10.0,13.0,104.0,1062.0,299.0,7.0,19.0,1130.0,469.0,138.0,25.0,21.0,17.0,236.0,1747.0,903.0,16.0,18.0,1844.0
2002,5862.0,3515.0,566.0,360.0,1003.0,641.0,821.0,6591.0,1688.0,3566.0,1670.0,19693.0,3050.0,1225.0,391.0,572.0,591.0,1692.0,9267.0,3300.0,4324.0,1497.0,16641.0,3215.0,1979.0,289.0,188.0,555.0,372.0,459.0,3680.0,953.0,1981.0,963.0,10955.0,1619.0,626.0,233.0,301.0,358.0,897.0,4888.0,1746.0,2229.0,933.0,8943.0,6274.0,2244.0,361.0,353.0,1117.0,680.0,725.0,4587.0,1256.0,3900.0,1406.0,18317.0,2323.0,918.0,496.0,655.0,635.0,1589.0,7747.0,2917.0,5102.0,1255.0,15890.0,974.0,1720.0,309.0,95.0,64.0,93.0,256.0,3051.0,766.0,317.0,459.0,5054.0,1684.0,721.0,121.0,83.0,109.0,720.0,4798.0,1673.0,460.0,483.0,6056.0,6.0,232.0,62.0,7.0,2.0,10.0,23.0,357.0,39.0,4.0,105.0,490.0,277.0,151.0,12.0,5.0,13.0,102.0,632.0,103.0,13.0,63.0,738.0,9.0,187.0,42.0,2.0,2.0,6.0,13.0,267.0,25.0,4.0,21.0,309.0,453.0,228.0,8.0,8.0,10.0,159.0,1148.0,307.0,14.0,27.0,1215.0,7512.0,2519.0,449.0,425.0,1212.0,770.0,858.0,5292.0,1467.0,4291.0,1604.0,21107.0,2098.0,1007.0,575.0,667.0,699.0,1748.0,7406.0,2553.0,5590.0,1438.0,16376.0,6.0,473.0,33.0,9.0,10.0,5.0,13.0,709.0,190.0,4.0,173.0,916.0,635.0,69.0,8.0,15.0,11.0,26.0,1310.0,581.0,13.0,207.0,1564.0,9.0,623.0,87.0,8.0,2.0,15.0,97.0,1210.0,403.0,7.0,27.0,1278.0,553.0,156.0,15.0,16.0,15.0,282.0,2094.0,1102.0,8.0,25.0,2173.0
2003,5948.0,3558.0,651.0,344.0,1051.0,616.0,901.0,6781.0,1671.0,3672.0,1687.0,20098.0,3188.0,1411.0,348.0,552.0,523.0,1639.0,9644.0,3406.0,4436.0,1623.0,17127.0,3372.0,1982.0,350.0,196.0,577.0,332.0,471.0,3777.0,974.0,2076.0,991.0,11320.0,1724.0,651.0,177.0,317.0,292.0,851.0,4973.0,1747.0,2344.0,1008.0,9111.0,6263.0,2338.0,403.0,285.0,1106.0,577.0,730.0,4806.0,1336.0,3986.0,1429.0,18453.0,2406.0,1027.0,453.0,644.0,547.0,1521.0,7900.0,2946.0,5159.0,1339.0,16042.0,937.0,1650.0,294.0,113.0,91.0,117.0,273.0,2880.0,663.0,269.0,479.0,4886.0,1667.0,759.0,124.0,84.0,139.0,686.0,4834.0,1722.0,440.0,508.0,6129.0,16.0,284.0,55.0,5.0,5.0,6.0,34.0,413.0,39.0,3.0,112.0,560.0,350.0,162.0,5.0,8.0,21.0,118.0,742.0,112.0,11.0,81.0,868.0,9.0,181.0,29.0,1.0,0.0,4.0,14.0,249.0,25.0,4.0,33.0,301.0,461.0,242.0,13.0,16.0,7.0,176.0,1260.0,381.0,23.0,29.0,1348.0,7444.0,2581.0,500.0,393.0,1216.0,715.0,903.0,5465.0,1481.0,4325.0,1674.0,21233.0,2088.0,1122.0,528.0,679.0,646.0,1667.0,7475.0,2598.0,5571.0,1588.0,16486.0,0.0,470.0,43.0,0.0,0.0,0.0,18.0,774.0,242.0,0.0,169.0,942.0,796.0,102.0,0.0,0.0,0.0,34.0,1655.0,723.0,0.0,169.0,1825.0,0.0,521.0,83.0,0.0,0.0,0.0,106.0,1034.0,324.0,0.0,0.0,1034.0,365.0,146.0,0.0,0.0,0.0,237.0,1692.0,944.0,0.0,0.0,1692.0
2005,6063.0,3783.0,578.0,416.0,1056.0,524.0,811.0,7029.0,1857.0,3839.0,1735.0,20661.0,3162.0,1527.0,434.0,500.0,521.0,1652.0,9822.0,3481.0,4645.0,1562.0,17484.0,3440.0,2184.0,313.0,225.0,609.0,319.0,476.0,4051.0,1078.0,2270.0,1031.0,11945.0,1817.0,789.0,257.0,271.0,318.0,947.0,5557.0,2003.0,2571.0,1009.0,9983.0,6233.0,2422.0,365.0,371.0,1131.0,535.0,655.0,4823.0,1380.0,4015.0,1438.0,18546.0,2351.0,1161.0,487.0,561.0,567.0,1470.0,7899.0,2917.0,5287.0,1299.0,16099.0,953.0,1717.0,270.0,107.0,71.0,82.0,271.0,2937.0,679.0,302.0,509.0,4961.0,1745.0,827.0,139.0,77.0,120.0,638.0,4969.0,1759.0,481.0,500.0,6285.0,9.0,289.0,28.0,14.0,5.0,14.0,16.0,365.0,32.0,,115.0,523.0,344.0,172.0,12.0,1.0,6.0,99.0,746.0,131.0,13.0,72.0,851.0,4.0,206.0,16.0,0.0,2.0,2.0,17.0,257.0,18.0,6.0,14.0,284.0,501.0,301.0,3.0,16.0,10.0,155.0,1318.0,361.0,27.0,38.0,1413.0,7436.0,2673.0,475.0,485.0,1202.0,629.0,811.0,5549.0,1590.0,4409.0,1708.0,21417.0,2048.0,1181.0,582.0,594.0,641.0,1563.0,7372.0,2580.0,5784.0,1562.0,16533.0,0.0,459.0,27.0,0.0,0.0,0.0,11.0,676.0,180.0,0.0,163.0,839.0,688.0,95.0,0.0,0.0,0.0,20.0,1389.0,587.0,0.0,159.0,1548.0,0.0,656.0,101.0,0.0,0.0,0.0,125.0,1275.0,393.0,0.0,0.0,1275.0,515.0,211.0,0.0,0.0,0.0,275.0,2090.0,1090.0,0.0,0.0,2090.0
2006,5825.0,3886.0,585.0,433.0,1114.0,650.0,809.0,7112.0,1832.0,3907.0,1678.0,20721.0,3154.0,1522.0,507.0,599.0,668.0,1532.0,9753.0,3544.0,4659.0,1492.0,17678.0,3417.0,2230.0,305.0,236.0,679.0,366.0,460.0,4029.0,1034.0,2327.0,971.0,12025.0,1704.0,776.0,266.0,359.0,420.0,846.0,5296.0,1971.0,2626.0,913.0,9880.0,6117.0,2517.0,359.0,368.0,1169.0,597.0,631.0,4842.0,1335.0,4059.0,1489.0,18642.0,2345.0,1131.0,645.0,680.0,625.0,1417.0,7826.0,2932.0,5280.0,1329.0,16385.0,793.0,1718.0,270.0,124.0,88.0,112.0,304.0,2955.0,664.0,341.0,425.0,4838.0,1539.0,794.0,162.0,106.0,155.0,662.0,4719.0,1723.0,447.0,464.0,6053.0,8.0,321.0,70.0,11.0,6.0,8.0,35.0,474.0,47.0,4.0,107.0,618.0,304.0,186.0,17.0,10.0,16.0,91.0,742.0,161.0,17.0,89.0,891.0,6.0,191.0,27.0,0.0,1.0,9.0,6.0,245.0,21.0,2.0,28.0,290.0,490.0,248.0,19.0,12.0,10.0,190.0,1319.0,391.0,29.0,22.0,1411.0,7246.0,2704.0,452.0,525.0,1270.0,727.0,814.0,5504.0,1533.0,4483.0,1713.0,21468.0,1886.0,1209.0,741.0,740.0,734.0,1569.0,7252.0,2588.0,5701.0,1540.0,16708.0,0.0,454.0,23.0,0.0,0.0,0.0,8.0,648.0,164.0,0.0,166.0,814.0,665.0,84.0,0.0,0.0,0.0,19.0,1373.0,606.0,0.0,171.0,1544.0,0.0,646.0,96.0,0.0,0.0,0.0,122.0,1279.0,415.0,0.0,0.0,1279.0,544.0,189.0,0.0,0.0,0.0,240.0,2036.0,1062.0,0.0,0.0,2036.0
2007,5871.0,3959.0,681.0,441.0,1137.0,569.0,834.0,7490.0,2016.0,3935.0,1658.0,21101.0,3180.0,1537.0,471.0,551.0,514.0,1541.0,9957.0,3699.0,4699.0,1542.0,17733.0,3537.0,2314.0,363.0,255.0,706.0,344.0,490.0,4371.0,1205.0,2329.0,961.0,12502.0,1789.0,810.0,265.0,318.0,304.0,834.0,5602.0,2169.0,2674.0,940.0,10104.0,5890.0,2538.0,441.0,364.0,1191.0,548.0,712.0,5170.0,1480.0,4070.0,1436.0,18670.0,2343.0,1059.0,541.0,634.0,501.0,1398.0,7863.0,3064.0,5122.0,1244.0,15906.0,819.0,1700.0,307.0,102.0,86.0,99.0,251.0,3017.0,759.0,304.0,403.0,4830.0,1573.0,858.0,194.0,80.0,142.0,628.0,4855.0,1796.0,580.0,486.0,6337.0,2.0,285.0,77.0,7.0,1.0,14.0,15.0,432.0,55.0,8.0,116.0,580.0,295.0,220.0,10.0,4.0,17.0,100.0,765.0,151.0,15.0,99.0,911.0,0.0,223.0,32.0,0.0,2.0,2.0,12.0,282.0,15.0,4.0,26.0,316.0,483.0,265.0,3.0,4.0,18.0,189.0,1309.0,373.0,29.0,43.0,1405.0,7029.0,2596.0,550.0,492.0,1284.0,645.0,865.0,5712.0,1702.0,4449.0,1675.0,21286.0,2002.0,1149.0,682.0,692.0,619.0,1487.0,7312.0,2675.0,5752.0,1516.0,16573.0,0.0,542.0,22.0,0.0,0.0,0.0,10.0,792.0,218.0,0.0,124.0,916.0,696.0,95.0,0.0,0.0,0.0,26.0,1413.0,596.0,0.0,136.0,1548.0,0.0,759.0,94.0,0.0,0.0,0.0,109.0,1427.0,465.0,0.0,0.0,1427.0,518.0,193.0,0.0,0.0,0.0,268.0,2200.0,1221.0,0.0,0.0,2200.0
2008,6289.0,3892.0,556.0,745.0,530.0,438.0,1139.0,7420.0,1832.0,4096.0,1784.0,21302.0,2902.0,1468.0,830.0,400.0,428.0,2013.0,9903.0,3521.0,4935.0,1619.0,18115.0,3706.0,2233.0,307.0,408.0,315.0,268.0,656.0,4299.0,1103.0,2530.0,1076.0,12602.0,1610.0,785.0,429.0,230.0,252.0,1182.0,5503.0,1926.0,2883.0,993.0,10289.0,6276.0,2292.0,341.0,604.0,532.0,412.0,825.0,4852.0,1394.0,4109.0,1470.0,18254.0,2045.0,963.0,901.0,402.0,434.0,1623.0,7505.0,2874.0,5362.0,1418.0,16022.0,927.0,1791.0,258.0,217.0,62.0,83.0,390.0,3121.0,682.0,392.0,483.0,5284.0,1501.0,812.0,289.0,90.0,94.0,866.0,4968.0,1789.0,572.0,491.0,6503.0,13.0,289.0,49.0,11.0,0.0,2.0,43.0,412.0,31.0,4.0,135.0,577.0,329.0,141.0,33.0,14.0,8.0,147.0,761.0,144.0,16.0,85.0,917.0,13.0,215.0,45.0,2.0,,0.0,25.0,302.0,17.0,6.0,11.0,334.0,457.0,256.0,27.0,12.0,3.0,235.0,1301.0,353.0,39.0,41.0,1424.0,7523.0,2484.0,390.0,854.0,595.0,548.0,1088.0,5566.0,1603.0,4636.0,1775.0,21496.0,1645.0,1068.0,1023.0,453.0,496.0,1765.0,6921.0,2443.0,5972.0,1632.0,16496.0,0.0,473.0,21.0,0.0,0.0,0.0,16.0,692.0,181.0,0.0,168.0,860.0,644.0,103.0,0.0,0.0,0.0,49.0,1437.0,641.0,0.0,169.0,1606.0,0.0,775.0,94.0,0.0,0.0,0.0,154.0,1469.0,445.0,0.0,0.0,1469.0,493.0,200.0,0.0,0.0,0.0,400.0,2351.0,1258.0,0.0,0.0,2351.0
2009,6562.0,3797.0,597.0,964.0,615.0,440.0,1021.0,7292.0,1878.0,3890.0,1738.0,21501.0,3024.0,1399.0,1159.0,360.0,425.0,1943.0,9845.0,3479.0,4901.0,1618.0,18308.0,3950.0,2146.0,344.0,547.0,384.0,235.0,592.0,4194.0,1112.0,2208.0,989.0,12506.0,1694.0,739.0,623.0,222.0,277.0,1068.0,5399.0,1897.0,2762.0,965.0,10248.0,6510.0,2332.0,316.0,824.0,627.0,423.0,755.0,4700.0,1296.0,4008.0,1430.0,18520.0,2038.0,981.0,1205.0,404.0,398.0,1614.0,7401.0,2768.0,5286.0,1418.0,16111.0,972.0,1682.0,285.0,228.0,44.0,69.0,338.0,3085.0,779.0,328.0,446.0,5171.0,1532.0,761.0,415.0,60.0,110.0,886.0,4871.0,1693.0,516.0,491.0,6462.0,16.0,336.0,81.0,15.0,2.0,5.0,54.0,533.0,62.0,2.0,108.0,682.0,326.0,178.0,24.0,6.0,15.0,129.0,760.0,126.0,13.0,87.0,904.0,13.0,193.0,33.0,10.0,1.0,7.0,12.0,259.0,21.0,1.0,40.0,330.0,574.0,232.0,46.0,4.0,7.0,257.0,1450.0,387.0,22.0,52.0,1580.0,7758.0,2439.0,423.0,1102.0,680.0,518.0,881.0,5294.0,1551.0,4458.0,1662.0,21471.0,1585.0,1072.0,1465.0,464.0,478.0,1754.0,6713.0,2302.0,5914.0,1657.0,16692.0,0.0,494.0,29.0,0.0,0.0,0.0,34.0,717.0,160.0,0.0,186.0,903.0,633.0,71.0,0.0,0.0,0.0,45.0,1323.0,574.0,0.0,156.0,1478.0,0.0,720.0,77.0,0.0,0.0,0.0,175.0,1477.0,505.0,0.0,0.0,1477.0,503.0,182.0,0.0,0.0,0.0,362.0,2277.0,1230.0,0.0,0.0,2277.0
2010,6487.0,3976.0,632.0,1050.0,676.0,440.0,1011.0,7435.0,1816.0,3860.0,1750.0,21697.0,3207.0,1469.0,1168.0,446.0,393.0,1813.0,9788.0,3299.0,4977.0,1666.0,18438.0,3869.0,2288.0,342.0,589.0,387.0,232.0,585.0,4278.0,1064.0,2271.0,1030.0,12657.0,1767.0,740.0,595.0,239.0,232.0,978.0,5265.0,1780.0,2813.0,1020.0,10163.0,6355.0,2444.0,335.0,911.0,688.0,422.0,728.0,4799.0,1292.0,3872.0,1516.0,18564.0,2249.0,984.0,1217.0,515.0,412.0,1558.0,7405.0,2614.0,5346.0,1423.0,16318.0,992.0,1701.0,342.0,301.0,81.0,96.0,339.0,3039.0,656.0,379.0,447.0,5335.0,1632.0,807.0,439.0,89.0,89.0,809.0,4877.0,1630.0,613.0,485.0,6592.0,10.0,270.0,67.0,9.0,2.0,3.0,45.0,418.0,37.0,3.0,109.0,554.0,322.0,183.0,38.0,11.0,3.0,154.0,798.0,139.0,23.0,83.0,956.0,14.0,214.0,53.0,4.0,5.0,1.0,18.0,306.0,20.0,4.0,35.0,369.0,557.0,269.0,44.0,12.0,9.0,200.0,1359.0,332.0,31.0,33.0,1488.0,7691.0,2506.0,432.0,1247.0,764.0,528.0,896.0,5349.0,1515.0,4356.0,1776.0,21713.0,1758.0,1014.0,1436.0,535.0,501.0,1665.0,6748.0,2310.0,5919.0,1684.0,16824.0,0.0,516.0,32.0,0.0,0.0,,26.0,747.0,173.0,0.0,158.0,906.0,716.0,116.0,0.0,0.0,1.0,32.0,1379.0,515.0,0.0,172.0,1552.0,0.0,810.0,117.0,0.0,0.0,0.0,171.0,1529.0,430.0,0.0,0.0,1529.0,589.0,193.0,0.0,0.0,0.0,327.0,2250.0,1141.0,0.0,0.0,2250.0
2011,6260.0,3919.0,683.0,1073.0,676.0,443.0,1030.0,7583.0,1951.0,4030.0,1759.0,21824.0,3037.0,1497.0,1220.0,520.0,442.0,1719.0,9680.0,3427.0,4948.0,1654.0,18463.0,3711.0,2245.0,347.0,583.0,371.0,281.0,553.0,4257.0,1112.0,2424.0,1004.0,12631.0,1647.0,786.0,659.0,295.0,277.0,910.0,5188.0,1844.0,2785.0,1004.0,10207.0,6111.0,2339.0,384.0,952.0,661.0,430.0,774.0,4884.0,1387.0,4026.0,1483.0,18548.0,2023.0,889.0,1293.0,568.0,460.0,1464.0,7050.0,2674.0,5212.0,1398.0,15980.0,1034.0,1777.0,318.0,251.0,71.0,103.0,333.0,3118.0,689.0,411.0,502.0,5490.0,1598.0,893.0,489.0,100.0,84.0,783.0,5046.0,1772.0,692.0,536.0,6947.0,16.0,300.0,56.0,13.0,6.0,6.0,32.0,415.0,26.0,2.0,102.0,561.0,333.0,171.0,63.0,7.0,7.0,111.0,755.0,141.0,10.0,87.0,930.0,9.0,200.0,35.0,4.0,3.0,1.0,22.0,289.0,32.0,0.0,33.0,340.0,494.0,276.0,50.0,16.0,6.0,239.0,1370.0,361.0,46.0,45.0,1533.0,7360.0,2425.0,498.0,1245.0,727.0,530.0,924.0,5491.0,1644.0,4529.0,1742.0,21623.0,1552.0,1016.0,1549.0,615.0,524.0,1577.0,6475.0,2330.0,5884.0,1644.0,16691.0,0.0,483.0,33.0,0.0,0.0,0.0,25.0,712.0,170.0,0.0,184.0,895.0,664.0,67.0,0.0,0.0,0.0,38.0,1318.0,550.0,0.0,156.0,1474.0,0.0,913.0,124.0,0.0,0.0,0.0,181.0,1668.0,451.0,0.0,0.0,1668.0,584.0,225.0,0.0,0.0,0.0,334.0,2333.0,1189.0,0.0,0.0,2333.0
2012,6239.0,3878.0,715.0,1315.0,631.0,453.0,998.0,7578.0,1988.0,3962.0,1725.0,21902.0,2935.0,1391.0,1420.0,451.0,462.0,1751.0,9632.0,3554.0,4909.0,1658.0,18531.0,3708.0,2174.0,398.0,731.0,358.0,232.0,564.0,4318.0,1182.0,2322.0,945.0,12615.0,1628.0,712.0,731.0,214.0,247.0,926.0,5238.0,1972.0,2827.0,989.0,10246.0,6037.0,2440.0,424.0,1193.0,607.0,444.0,729.0,4891.0,1298.0,3912.0,1476.0,18560.0,1968.0,870.0,1500.0,492.0,503.0,1388.0,7036.0,2809.0,5221.0,1396.0,16146.0,984.0,1749.0,323.0,314.0,80.0,89.0,340.0,3249.0,837.0,374.0,498.0,5587.0,1514.0,842.0,498.0,113.0,116.0,838.0,5019.0,1826.0,614.0,570.0,6930.0,6.0,284.0,76.0,20.0,5.0,1.0,27.0,441.0,54.0,4.0,102.0,579.0,292.0,173.0,48.0,6.0,5.0,124.0,728.0,138.0,13.0,89.0,889.0,3.0,181.0,60.0,4.0,2.0,1.0,14.0,271.0,16.0,,15.0,296.0,509.0,241.0,28.0,11.0,9.0,146.0,1218.0,321.0,25.0,29.0,1320.0,7433.0,2432.0,471.0,1574.0,716.0,567.0,918.0,5444.0,1622.0,4459.0,1746.0,21939.0,1510.0,982.0,1879.0,570.0,602.0,1601.0,6520.0,2428.0,5880.0,1654.0,17107.0,0.0,484.0,33.0,0.0,0.0,0.0,6.0,659.0,135.0,0.0,172.0,831.0,653.0,89.0,0.0,0.0,0.0,16.0,1305.0,546.0,0.0,178.0,1483.0,0.0,902.0,131.0,0.0,0.0,0.0,177.0,1733.0,522.0,0.0,0.0,1733.0,574.0,234.0,0.0,0.0,0.0,361.0,2441.0,1272.0,0.0,0.0,2441.0
2013,6294.0,3849.0,653.0,1493.0,674.0,484.0,885.0,7310.0,1923.0,3821.0,1904.0,21980.0,3023.0,1513.0,1489.0,513.0,487.0,1637.0,9389.0,3216.0,4946.0,1694.0,18519.0,3603.0,2141.0,332.0,814.0,421.0,284.0,465.0,4003.0,1065.0,2191.0,1034.0,12350.0,1662.0,712.0,761.0,293.0,275.0,877.0,5085.0,1834.0,2789.0,1043.0,10246.0,6251.0,2320.0,367.0,1292.0,665.0,476.0,623.0,4684.0,1373.0,3766.0,1472.0,18606.0,2054.0,996.0,1700.0,582.0,535.0,1334.0,6868.0,2483.0,5289.0,1342.0,16315.0,898.0,1817.0,327.0,407.0,57.0,100.0,338.0,3242.0,759.0,379.0,548.0,5630.0,1593.0,846.0,501.0,110.0,105.0,786.0,5001.0,1776.0,609.0,528.0,6854.0,11.0,286.0,81.0,8.0,1.0,2.0,21.0,416.0,29.0,0.0,94.0,533.0,333.0,206.0,37.0,8.0,5.0,145.0,859.0,175.0,13.0,97.0,1018.0,9.0,228.0,40.0,14.0,2.0,3.0,11.0,300.0,21.0,0.0,20.0,347.0,510.0,238.0,58.0,3.0,4.0,184.0,1240.0,309.0,17.0,24.0,1346.0,7478.0,2469.0,433.0,1744.0,731.0,581.0,812.0,5373.0,1659.0,4271.0,1847.0,22024.0,1579.0,1074.0,2005.0,651.0,626.0,1469.0,6357.0,2236.0,5903.0,1668.0,17209.0,0.0,414.0,18.0,0.0,0.0,0.0,15.0,565.0,118.0,0.0,188.0,752.0,624.0,76.0,0.0,0.0,0.0,27.0,1223.0,496.0,0.0,168.0,1391.0,0.0,922.0,147.0,0.0,0.0,0.0,175.0,1719.0,475.0,0.0,0.0,1719.0,638.0,225.0,0.0,0.0,0.0,325.0,2362.0,1174.0,0.0,0.0,2362.0
2014,6178.0,3907.0,656.0,1635.0,583.0,586.0,969.0,7519.0,1987.0,3906.0,1811.0,22218.0,2998.0,1421.0,1836.0,547.0,432.0,1638.0,9400.0,3343.0,4887.0,1677.0,18778.0,3559.0,2167.0,342.0,864.0,332.0,311.0,491.0,4100.0,1101.0,2262.0,994.0,12422.0,1569.0,717.0,883.0,300.0,232.0,820.0,4871.0,1765.0,2744.0,1025.0,10054.0,6131.0,2365.0,383.0,1363.0,545.0,553.0,688.0,4800.0,1363.0,3860.0,1525.0,18777.0,1955.0,917.0,1869.0,547.0,451.0,1410.0,6913.0,2631.0,5139.0,1376.0,16295.0,816.0,1669.0,331.0,427.0,84.0,108.0,338.0,3078.0,740.0,388.0,449.0,5350.0,1528.0,768.0,702.0,102.0,114.0,735.0,4722.0,1691.0,629.0,528.0,6796.0,6.0,299.0,64.0,18.0,8.0,4.0,41.0,429.0,25.0,0.0,72.0,538.0,282.0,145.0,51.0,5.0,9.0,95.0,624.0,102.0,8.0,61.0,758.0,4.0,213.0,38.0,4.0,4.0,1.0,8.0,290.0,31.0,4.0,15.0,321.0,458.0,209.0,54.0,4.0,1.0,157.0,1066.0,242.0,24.0,17.0,1165.0,7261.0,2340.0,474.0,1903.0,662.0,675.0,796.0,5272.0,1662.0,4372.0,1770.0,21916.0,1522.0,975.0,2286.0,622.0,578.0,1563.0,6429.0,2369.0,5793.0,1648.0,17355.0,0.0,462.0,23.0,0.0,0.0,0.0,13.0,642.0,144.0,0.0,200.0,843.0,645.0,97.0,0.0,0.0,0.0,19.0,1325.0,564.0,0.0,176.0,1501.0,0.0,964.0,137.0,0.0,0.0,0.0,232.0,1804.0,472.0,0.0,0.0,1804.0,598.0,221.0,0.0,0.0,0.0,317.0,2315.0,1179.0,0.0,0.0,2315.0
2015,6326.0,3916.0,710.0,1610.0,619.0,494.0,1022.0,7674.0,2026.0,3949.0,1875.0,22547.0,2997.0,1516.0,1860.0,517.0,488.0,1676.0,9563.0,3374.0,4979.0,1700.0,19107.0,3667.0,2129.0,344.0,853.0,377.0,291.0,561.0,4178.0,1144.0,2340.0,964.0,12671.0,1593.0,770.0,917.0,276.0,300.0,856.0,4969.0,1749.0,2759.0,997.0,10218.0,5977.0,2350.0,461.0,1367.0,602.0,463.0,696.0,4925.0,1418.0,3803.0,1415.0,18552.0,2029.0,938.0,1864.0,562.0,504.0,1310.0,6855.0,2579.0,5110.0,1388.0,16284.0,938.0,1680.0,297.0,411.0,73.0,91.0,360.0,3107.0,770.0,384.0,546.0,5550.0,1501.0,855.0,733.0,104.0,143.0,814.0,4895.0,1726.0,587.0,515.0,6977.0,10.0,271.0,56.0,13.0,0.0,8.0,34.0,400.0,39.0,4.0,107.0,541.0,252.0,152.0,51.0,8.0,1.0,127.0,642.0,112.0,14.0,79.0,795.0,7.0,195.0,46.0,8.0,0.0,4.0,11.0,266.0,14.0,4.0,27.0,315.0,499.0,261.0,34.0,7.0,3.0,166.0,1185.0,259.0,39.0,27.0,1294.0,7336.0,2338.0,497.0,1871.0,696.0,591.0,886.0,5412.0,1691.0,4331.0,1707.0,21943.0,1497.0,1016.0,2260.0,617.0,599.0,1425.0,6292.0,2353.0,5758.0,1627.0,17153.0,0.0,520.0,37.0,0.0,0.0,0.0,8.0,729.0,163.0,0.0,208.0,936.0,649.0,86.0,0.0,0.0,0.0,27.0,1289.0,527.0,0.0,181.0,1470.0,0.0,944.0,135.0,0.0,0.0,0.0,200.0,1815.0,535.0,0.0,0.0,1815.0,649.0,224.0,0.0,0.0,0.0,338.0,2388.0,1176.0,0.0,0.0,2388.0
2016,6329.0,4081.0,679.0,1569.0,515.0,530.0,938.0,7932.0,2235.0,3967.0,1870.0,22712.0,3066.0,1481.0,1767.0,596.0,464.0,1695.0,9806.0,3565.0,4942.0,1726.0,19302.0,3596.0,2207.0,318.0,864.0,281.0,299.0,479.0,4186.0,1183.0,2250.0,925.0,12402.0,1538.0,669.0,833.0,319.0,261.0,830.0,4894.0,1856.0,2668.0,1030.0,10005.0,5969.0,2272.0,387.0,1309.0,500.0,476.0,666.0,4794.0,1469.0,3838.0,1542.0,18427.0,2051.0,959.0,1718.0,590.0,459.0,1294.0,6892.0,2588.0,5074.0,1354.0,16088.0,888.0,1773.0,290.0,378.0,59.0,96.0,284.0,3181.0,834.0,379.0,386.0,5367.0,1498.0,764.0,615.0,144.0,113.0,824.0,4909.0,1823.0,592.0,563.0,6937.0,6.0,210.0,46.0,10.0,2.0,6.0,47.0,364.0,62.0,0.0,64.0,453.0,302.0,134.0,51.0,10.0,11.0,111.0,708.0,161.0,7.0,100.0,887.0,10.0,208.0,32.0,17.0,3.0,0.0,17.0,274.0,18.0,3.0,24.0,331.0,470.0,232.0,23.0,1.0,6.0,152.0,1125.0,272.0,30.0,39.0,1223.0,7334.0,2326.0,454.0,1770.0,569.0,582.0,785.0,5332.0,1767.0,4349.0,1734.0,21669.0,1470.0,1033.0,2128.0,671.0,544.0,1437.0,6167.0,2227.0,5751.0,1612.0,16873.0,0.0,436.0,16.0,0.0,0.0,0.0,16.0,643.0,175.0,0.0,210.0,853.0,684.0,65.0,0.0,0.0,0.0,15.0,1321.0,558.0,0.0,209.0,1531.0,0.0,1119.0,142.0,0.0,0.0,0.0,212.0,2069.0,596.0,0.0,0.0,2069.0,702.0,234.0,0.0,0.0,0.0,410.0,2745.0,1398.0,0.0,0.0,2745.0
2017,6123.0,3837.0,716.0,1915.0,654.0,517.0,974.0,7720.0,2193.0,3770.0,1773.0,22472.0,2955.0,1456.0,1569.0,563.0,476.0,1711.0,9957.0,3835.0,5094.0,1714.0,19372.0,3329.0,1861.0,334.0,1000.0,338.0,270.0,485.0,3784.0,1103.0,2044.0,833.0,11597.0,1372.0,650.0,757.0,269.0,263.0,797.0,4655.0,1837.0,2682.0,955.0,9580.0,5833.0,2240.0,397.0,1537.0,592.0,436.0,699.0,4758.0,1423.0,3625.0,1453.0,18233.0,1996.0,969.0,1557.0,525.0,460.0,1396.0,7097.0,2736.0,5270.0,1408.0,16318.0,811.0,1611.0,337.0,461.0,101.0,121.0,312.0,3064.0,804.0,339.0,458.0,5355.0,1447.0,727.0,531.0,141.0,125.0,713.0,4800.0,1914.0,543.0,489.0,6629.0,16.0,189.0,53.0,17.0,5.0,9.0,38.0,324.0,44.0,2.0,62.0,434.0,271.0,115.0,28.0,10.0,9.0,118.0,648.0,143.0,16.0,59.0,769.0,7.0,181.0,34.0,8.0,5.0,,19.0,261.0,27.0,3.0,19.0,303.0,490.0,225.0,27.0,14.0,1.0,151.0,1166.0,301.0,35.0,41.0,1285.0,7133.0,2170.0,479.0,2220.0,699.0,613.0,849.0,5274.0,1776.0,4153.0,1680.0,21771.0,1452.0,991.0,1955.0,593.0,580.0,1426.0,6267.0,2398.0,5926.0,1598.0,16919.0,0.0,459.0,26.0,0.0,0.0,0.0,15.0,667.0,167.0,0.0,233.0,900.0,554.0,80.0,0.0,0.0,0.0,43.0,1230.0,553.0,0.0,199.0,1429.0,0.0,1092.0,173.0,0.0,0.0,0.0,216.0,2051.0,570.0,0.0,0.0,2051.0,740.0,250.0,0.0,0.0,0.0,389.0,2859.0,1480.0,0.0,0.0,2859.0
2018,6170.0,4104.0,760.0,1768.0,449.0,425.0,957.0,7927.0,2106.0,3836.0,1800.0,22375.0,3216.0,1401.0,1352.0,578.0,388.0,1707.0,10114.0,3790.0,5117.0,1663.0,19213.0,3345.0,1931.0,355.0,849.0,196.0,229.0,466.0,3765.0,1013.0,2179.0,810.0,11372.0,1463.0,597.0,629.0,261.0,209.0,782.0,4655.0,1813.0,2668.0,843.0,9265.0,5838.0,2509.0,423.0,1465.0,337.0,412.0,672.0,5030.0,1427.0,3698.0,1487.0,18267.0,2215.0,903.0,1430.0,569.0,376.0,1347.0,7377.0,2913.0,5248.0,1327.0,16328.0,814.0,1685.0,360.0,393.0,141.0,70.0,313.0,3115.0,757.0,304.0,451.0,5289.0,1522.0,749.0,458.0,168.0,106.0,757.0,4894.0,1866.0,544.0,571.0,6741.0,7.0,209.0,59.0,7.0,5.0,2.0,35.0,358.0,55.0,2.0,41.0,422.0,254.0,118.0,21.0,15.0,2.0,117.0,636.0,147.0,15.0,46.0,733.0,2.0,162.0,35.0,6.0,3.0,3.0,34.0,250.0,20.0,3.0,15.0,282.0,504.0,208.0,22.0,14.0,2.0,180.0,1262.0,370.0,29.0,23.0,1350.0,7159.0,2270.0,507.0,2084.0,421.0,473.0,835.0,5281.0,1669.0,4245.0,1724.0,21388.0,1494.0,959.0,1806.0,643.0,490.0,1409.0,6362.0,2499.0,5876.0,1639.0,16817.0,0.0,597.0,20.0,0.0,0.0,0.0,17.0,816.0,182.0,0.0,214.0,1030.0,669.0,73.0,0.0,0.0,0.0,41.0,1403.0,619.0,0.0,205.0,1607.0,0.0,1204.0,192.0,0.0,0.0,0.0,230.0,2216.0,589.0,0.0,0.0,2216.0,791.0,327.0,0.0,0.0,0.0,400.0,2882.0,1364.0,0.0,0.0,2882.0
2019,6173.0,4355.0,752.0,1324.0,541.0,399.0,777.0,8118.0,2233.0,3964.0,1805.0,22323.0,3415.0,1543.0,1498.0,234.0,459.0,1432.0,10263.0,3873.0,4977.0,1666.0,19098.0,3257.0,2032.0,329.0,681.0,285.0,200.0,387.0,3818.0,1070.0,2085.0,845.0,11170.0,1512.0,649.0,662.0,110.0,267.0,639.0,4501.0,1701.0,2528.0,862.0,8931.0,5849.0,2607.0,463.0,1028.0,473.0,333.0,538.0,5083.0,1475.0,3738.0,1525.0,18029.0,2362.0,996.0,1505.0,224.0,463.0,1188.0,7500.0,2954.0,5115.0,1458.0,16264.0,883.0,1675.0,289.0,323.0,62.0,73.0,227.0,2971.0,780.0,388.0,436.0,5136.0,1511.0,811.0,520.0,56.0,120.0,611.0,4651.0,1718.0,662.0,486.0,6495.0,4.0,191.0,40.0,13.0,0.0,6.0,21.0,288.0,36.0,6.0,72.0,390.0,227.0,149.0,13.0,0.0,6.0,74.0,572.0,122.0,14.0,74.0,679.0,5.0,239.0,39.0,2.0,0.0,1.0,5.0,303.0,21.0,2.0,31.0,344.0,505.0,226.0,10.0,0.0,9.0,195.0,1278.0,351.0,38.0,40.0,1375.0,7398.0,2454.0,529.0,1546.0,587.0,439.0,676.0,5388.0,1729.0,4436.0,1705.0,21499.0,1650.0,1073.0,1987.0,296.0,563.0,1193.0,6553.0,2637.0,5911.0,1638.0,16949.0,0.0,536.0,38.0,0.0,0.0,0.0,15.0,789.0,200.0,0.0,234.0,1023.0,803.0,94.0,0.0,0.0,0.0,31.0,1476.0,548.0,0.0,214.0,1690.0,0.0,1299.0,182.0,0.0,0.0,0.0,177.0,2312.0,655.0,0.0,0.0,2312.0,785.0,284.0,0.0,0.0,0.0,331.0,2739.0,1338.0,0.0,0.0,2739.0
2020,6110.0,4130.0,763.0,1429.0,575.0,465.0,717.0,7736.0,2127.0,4185.0,1860.0,22360.0,3219.0,1585.0,1610.0,500.0,469.0,1395.0,9894.0,3695.0,4972.0,1670.0,19115.0,3134.0,2053.0,369.0,684.0,283.0,219.0,324.0,3731.0,985.0,2182.0,935.0,11169.0,1413.0,634.0,718.0,233.0,244.0,635.0,4366.0,1684.0,2549.0,880.0,8990.0,5614.0,2582.0,446.0,1175.0,499.0,386.0,476.0,4968.0,1463.0,4041.0,1564.0,18246.0,2151.0,1099.0,1591.0,479.0,422.0,1047.0,7104.0,2807.0,5119.0,1489.0,16204.0,997.0,1450.0,310.0,309.0,85.0,88.0,242.0,2740.0,738.0,368.0,362.0,4949.0,1440.0,798.0,530.0,122.0,161.0,637.0,4595.0,1720.0,623.0,440.0,6471.0,3.0,146.0,51.0,11.0,3.0,3.0,18.0,255.0,39.0,5.0,50.0,330.0,189.0,136.0,14.0,5.0,6.0,82.0,485.0,78.0,9.0,30.0,549.0,6.0,184.0,34.0,8.0,0.0,2.0,13.0,233.0,3.0,3.0,13.0,266.0,398.0,206.0,10.0,3.0,12.0,127.0,984.0,252.0,24.0,22.0,1054.0,7365.0,2458.0,525.0,1610.0,602.0,529.0,628.0,5376.0,1765.0,4699.0,1795.0,21976.0,1579.0,1121.0,2014.0,620.0,578.0,1183.0,6570.0,2687.0,5913.0,1717.0,17413.0,0.0,446.0,23.0,0.0,0.0,0.0,12.0,640.0,159.0,0.0,219.0,859.0,697.0,98.0,0.0,0.0,0.0,20.0,1370.0,556.0,0.0,164.0,1535.0,0.0,1256.0,192.0,0.0,0.0,0.0,136.0,2158.0,575.0,0.0,0.0,2158.0,924.0,335.0,0.0,0.0,0.0,330.0,2928.0,1338.0,0.0,0.0,2928.0
2021,5907.0,4449.0,855.0,1444.0,435.0,452.0,740.0,7979.0,1934.0,4321.0,1876.0,22415.0,3485.0,1605.0,1676.0,354.0,486.0,1343.0,10208.0,3775.0,5171.0,1640.0,19536.0,3034.0,2126.0,372.0,682.0,221.0,216.0,342.0,3791.0,951.0,2287.0,911.0,11143.0,1474.0,632.0,721.0,173.0,291.0,588.0,4373.0,1678.0,2601.0,823.0,8982.0,5311.0,2699.0,526.0,1169.0,399.0,393.0,497.0,4990.0,1268.0,4122.0,1558.0,17943.0,2303.0,1056.0,1531.0,341.0,420.0,987.0,6989.0,2643.0,5168.0,1450.0,15900.0,909.0,1672.0,338.0,331.0,57.0,90.0,244.0,2941.0,688.0,408.0,419.0,5154.0,1541.0,820.0,592.0,66.0,137.0,565.0,4743.0,1817.0,668.0,465.0,6670.0,2.0,100.0,36.0,8.0,3.0,0.0,9.0,164.0,19.0,3.0,17.0,197.0,136.0,94.0,22.0,6.0,4.0,46.0,354.0,78.0,17.0,24.0,427.0,14.0,98.0,15.0,6.0,1.0,1.0,8.0,125.0,4.0,2.0,16.0,166.0,328.0,153.0,34.0,1.0,4.0,106.0,819.0,232.0,19.0,15.0,891.0,6976.0,2855.0,624.0,1653.0,478.0,564.0,672.0,5726.0,1575.0,4836.0,2019.0,22252.0,1896.0,1214.0,2016.0,428.0,584.0,1164.0,6813.0,2540.0,6042.0,1822.0,17705.0,0.0,453.0,33.0,0.0,0.0,0.0,12.0,661.0,163.0,0.0,101.0,761.0,609.0,63.0,0.0,0.0,0.0,25.0,1235.0,538.0,0.0,115.0,1351.0,0.0,1345.0,209.0,0.0,3.0,0.0,133.0,2192.0,506.0,2.0,0.0,2197.0,1050.0,345.0,0.0,0.0,0.0,309.0,3099.0,1394.0,2.0,0.0,3101.0
2022,5583.0,4439.0,876.0,1213.0,586.0,397.0,655.0,8023.0,2052.0,4188.0,1867.0,21856.0,3234.0,1559.0,1422.0,510.0,496.0,1295.0,9900.0,3812.0,5105.0,1564.0,18996.0,2949.0,2137.0,414.0,622.0,322.0,200.0,306.0,3874.0,1018.0,2208.0,907.0,11082.0,1414.0,653.0,690.0,243.0,255.0,590.0,4409.0,1753.0,2557.0,796.0,8950.0,5107.0,2560.0,485.0,980.0,547.0,361.0,449.0,4885.0,1391.0,3858.0,1535.0,17272.0,2191.0,984.0,1315.0,505.0,479.0,1005.0,7118.0,2938.0,4887.0,1378.0,15681.0,868.0,1837.0,373.0,325.0,53.0,62.0,202.0,3132.0,720.0,424.0,466.0,5330.0,1449.0,847.0,470.0,122.0,124.0,559.0,4685.0,1830.0,757.0,461.0,6619.0,19.0,110.0,33.0,16.0,0.0,3.0,11.0,177.0,24.0,9.0,27.0,251.0,166.0,110.0,17.0,4.0,14.0,59.0,424.0,89.0,23.0,19.0,501.0,11.0,121.0,37.0,6.0,0.0,5.0,6.0,183.0,20.0,6.0,29.0,240.0,347.0,215.0,11.0,4.0,6.0,130.0,968.0,276.0,26.0,25.0,1041.0,6626.0,2819.0,586.0,1401.0,674.0,421.0,578.0,5683.0,1700.0,4631.0,1956.0,21393.0,1725.0,1089.0,1688.0,623.0,532.0,1144.0,6656.0,2699.0,5861.0,1670.0,17030.0,0.0,471.0,40.0,0.0,0.0,0.0,8.0,664.0,144.0,0.0,135.0,799.0,617.0,94.0,0.0,0.0,0.0,29.0,1298.0,558.0,0.0,150.0,1449.0,0.0,1359.0,240.0,0.0,0.0,0.0,137.0,2362.0,626.0,0.0,0.0,2362.0,899.0,370.0,0.0,0.0,0.0,246.0,2942.0,1426.0,0.0,0.0,2942.0
2023,5525.0,4510.0,926.0,1199.0,480.0,392.0,539.0,8040.0,2065.0,4292.0,1759.0,21687.0,3403.0,1658.0,1479.0,450.0,477.0,1088.0,9942.0,3793.0,5028.0,1520.0,18896.0,2854.0,2212.0,440.0,604.0,259.0,198.0,252.0,3862.0,959.0,2316.0,885.0,10978.0,1429.0,709.0,636.0,195.0,235.0,437.0,4232.0,1658.0,2551.0,776.0,8625.0,4967.0,2654.0,469.0,903.0,441.0,315.0,405.0,4818.0,1290.0,3905.0,1436.0,16786.0,2368.0,1098.0,1333.0,432.0,419.0,856.0,7115.0,2792.0,4949.0,1320.0,15566.0,832.0,1846.0,377.0,334.0,50.0,95.0,171.0,3192.0,797.0,483.0,550.0,5535.0,1505.0,883.0,537.0,79.0,130.0,498.0,4796.0,1910.0,646.0,497.0,6685.0,4.0,118.0,37.0,14.0,1.0,5.0,13.0,202.0,34.0,4.0,44.0,273.0,177.0,123.0,13.0,4.0,4.0,71.0,453.0,82.0,8.0,37.0,518.0,10.0,154.0,33.0,6.0,1.0,3.0,5.0,202.0,9.0,1.0,6.0,228.0,415.0,199.0,33.0,6.0,3.0,138.0,1048.0,296.0,37.0,14.0,1141.0,6609.0,2749.0,629.0,1348.0,530.0,435.0,519.0,5580.0,1684.0,4752.0,1806.0,21060.0,1783.0,1153.0,1812.0,502.0,542.0,931.0,6499.0,2631.0,5840.0,1622.0,16817.0,0.0,579.0,27.0,0.0,0.0,0.0,7.0,787.0,173.0,0.0,245.0,1031.0,616.0,64.0,0.0,0.0,0.0,21.0,1213.0,513.0,0.0,168.0,1381.0,0.0,1397.0,268.0,0.0,0.0,0.0,107.0,2397.0,625.0,0.0,0.0,2397.0,1020.0,414.0,0.0,0.0,0.0,255.0,3208.0,1518.0,0.0,0.0,3208.0
