Anno,colazione adeguata (con latte e/o del cibo)_10.001 - 50.000 ab.,colazione adeguata (con latte e/o del cibo)_2.001 - 10.000 ab.,colazione adeguata (con latte e/o del cibo)_50.001 ab. e più,colazione adeguata (con latte e/o del cibo)_Abruzzo,colazione adeguata (con latte e/o del cibo)_Basilicata,colazione adeguata (con latte e/o del cibo)_Calabria,colazione adeguata (con latte e/o del cibo)_Campania,colazione adeguata (con latte e/o del cibo)_Centro,colazione adeguata (con latte e/o del cibo)_Emilia-Romagna,colazione adeguata (con latte e/o del cibo)_Friuli-Venezia Giulia,colazione adeguata (con latte e/o del cibo)_Isole,colazione adeguata (con latte e/o del cibo)_Lazio,colazione adeguata (con latte e/o del cibo)_Liguria,colazione adeguata (con latte e/o del cibo)_Lombardia,colazione adeguata (con latte e/o del cibo)_Marche,colazione adeguata (con latte e/o del cibo)_Mezzogiorno,colazione adeguata (con latte e/o del cibo)_Molise,colazione adeguata (con latte e/o del cibo)_Nord,colazione adeguata (con latte e/o del cibo)_Nord-est,colazione adeguata (con latte e/o del cibo)_Nord-ovest,colazione adeguata (con latte e/o del cibo)_Piemonte,colazione adeguata (con latte e/o del cibo)_Provincia Autonoma Bolzano / Bozen,colazione adeguata (con latte e/o del cibo)_Provincia Autonoma Trento,colazione adeguata (con latte e/o del cibo)_Puglia,colazione adeguata (con latte e/o del cibo)_Sardegna,colazione adeguata (con latte e/o del cibo)_Sicilia,colazione adeguata (con latte e/o del cibo)_Sud,colazione adeguata (con latte e/o del cibo)_Toscana,colazione adeguata (con latte e/o del cibo)_Trentino Alto Adige / Südtirol,colazione adeguata (con latte e/o del cibo)_Umbria,colazione adeguata (con latte e/o del cibo)_Valle d'Aosta / Vallée d'Aoste,colazione adeguata (con latte e/o del cibo)_Veneto,colazione adeguata (con latte e/o del cibo)_centro area metropolitana,colazione adeguata (con latte e/o del cibo)_fino a 2.000 ab.,colazione adeguata (con latte e/o del cibo)_periferia area metropolitana,colazione con latte e del cibo_10.001 - 50.000 ab.,colazione con latte e del cibo_2.001 - 10.000 ab.,colazione con latte e del cibo_50.001 ab. e più,colazione con latte e del cibo_Abruzzo,colazione con latte e del cibo_Basilicata,colazione con latte e del cibo_Calabria,colazione con latte e del cibo_Campania,colazione con latte e del cibo_Centro,colazione con latte e del cibo_Emilia-Romagna,colazione con latte e del cibo_Friuli-Venezia Giulia,colazione con latte e del cibo_Isole,colazione con latte e del cibo_Lazio,colazione con latte e del cibo_Liguria,colazione con latte e del cibo_Lombardia,colazione con latte e del cibo_Marche,colazione con latte e del cibo_Mezzogiorno,colazione con latte e del cibo_Molise,colazione con latte e del cibo_Nord,colazione con latte e del cibo_Nord-est,colazione con latte e del cibo_Nord-ovest,colazione con latte e del cibo_Piemonte,colazione con latte e del cibo_Provincia Autonoma Bolzano / Bozen,colazione con latte e del cibo_Provincia Autonoma Trento,colazione con latte e del cibo_Puglia,colazione con latte e del cibo_Sardegna,colazione con latte e del cibo_Sicilia,colazione con latte e del cibo_Sud,colazione con latte e del cibo_Toscana,colazione con latte e del cibo_Trentino Alto Adige / Südtirol,colazione con latte e del cibo_Umbria,colazione con latte e del cibo_Valle d'Aosta / Vallée d'Aoste,colazione con latte e del cibo_Veneto,colazione con latte e del cibo_centro area metropolitana,colazione con latte e del cibo_fino a 2.000 ab.,colazione con latte e del cibo_periferia area metropolitana,pasto principale il pranzo_10.001 - 50.000 ab.,pasto principale il pranzo_2.001 - 10.000 ab.,pasto principale il pranzo_50.001 ab. e più,pasto principale il pranzo_Abruzzo,pasto principale il pranzo_Basilicata,pasto principale il pranzo_Calabria,pasto principale il pranzo_Campania,pasto principale il pranzo_Centro,pasto principale il pranzo_Emilia-Romagna,pasto principale il pranzo_Friuli-Venezia Giulia,pasto principale il pranzo_Isole,pasto principale il pranzo_Lazio,pasto principale il pranzo_Liguria,pasto principale il pranzo_Lombardia,pasto principale il pranzo_Marche,pasto principale il pranzo_Mezzogiorno,pasto principale il pranzo_Molise,pasto principale il pranzo_Nord,pasto principale il pranzo_Nord-est,pasto principale il pranzo_Nord-ovest,pasto principale il pranzo_Piemonte,pasto principale il pranzo_Provincia Autonoma Bolzano / Bozen,pasto principale il pranzo_Provincia Autonoma Trento,pasto principale il pranzo_Puglia,pasto principale il pranzo_Sardegna,pasto principale il pranzo_Sicilia,pasto principale il pranzo_Sud,pasto principale il pranzo_Toscana,pasto principale il pranzo_Trentino Alto Adige / Südtirol,pasto principale il pranzo_Umbria,pasto principale il pranzo_Valle d'Aosta / Vallée d'Aoste,pasto principale il pranzo_Veneto,pasto principale il pranzo_centro area metropolitana,pasto principale il pranzo_fino a 2.000 ab.,pasto principale il pranzo_periferia area metropolitana,pasto principale la cena_10.001 - 50.000 ab.,pasto principale la cena_2.001 - 10.000 ab.,pasto principale la cena_50.001 ab. e più,pasto principale la cena_Abruzzo,pasto principale la cena_Basilicata,pasto principale la cena_Calabria,pasto principale la cena_Campania,pasto principale la cena_Centro,pasto principale la cena_Emilia-Romagna,pasto principale la cena_Friuli-Venezia Giulia,pasto principale la cena_Isole,pasto principale la cena_Lazio,pasto principale la cena_Liguria,pasto principale la cena_Lombardia,pasto principale la cena_Marche,pasto principale la cena_Mezzogiorno,pasto principale la cena_Molise,pasto principale la cena_Nord,pasto principale la cena_Nord-est,pasto principale la cena_Nord-ovest,pasto principale la cena_Piemonte,pasto principale la cena_Provincia Autonoma Bolzano / Bozen,pasto principale la cena_Provincia Autonoma Trento,pasto principale la cena_Puglia,pasto principale la cena_Sardegna,pasto principale la cena_Sicilia,pasto principale la cena_Sud,pasto principale la cena_Toscana,pasto principale la cena_Trentino Alto Adige / Südtirol,pasto principale la cena_Umbria,pasto principale la cena_Valle d'Aosta / Vallée d'Aoste,pasto principale la cena_Veneto,pasto principale la cena_centro area metropolitana,pasto principale la cena_fino a 2.000 ab.,pasto principale la cena_periferia area metropolitana,pranzo al bar_10.001 - 50.000 ab.,pranzo al bar_2.001 - 10.000 ab.,pranzo al bar_50.001 ab. e più,pranzo al bar_Abruzzo,pranzo al bar_Basilicata,pranzo al bar_Calabria,pranzo al bar_Campania,pranzo al bar_Centro,pranzo al bar_Emilia-Romagna,pranzo al bar_Friuli-Venezia Giulia,pranzo al bar_Isole,pranzo al bar_Lazio,pranzo al bar_Liguria,pranzo al bar_Lombardia,pranzo al bar_Marche,pranzo al bar_Mezzogiorno,pranzo al bar_Molise,pranzo al bar_Nord,pranzo al bar_Nord-est,pranzo al bar_Nord-ovest,pranzo al bar_Piemonte,pranzo al bar_Provincia Autonoma Bolzano / Bozen,pranzo al bar_Provincia Autonoma Trento,pranzo al bar_Puglia,pranzo al bar_Sardegna,pranzo al bar_Sicilia,pranzo al bar_Sud,pranzo al bar_Toscana,pranzo al bar_Trentino Alto Adige / Südtirol,pranzo al bar_Umbria,pranzo al bar_Valle d'Aosta / Vallée d'Aoste,pranzo al bar_Veneto,pranzo al bar_centro area metropolitana,pranzo al bar_fino a 2.000 ab.,pranzo al bar_periferia area metropolitana,pranzo al ristorante o trattoria_10.001 - 50.000 ab.,pranzo al ristorante o trattoria_2.001 - 10.000 ab.,pranzo al ristorante o trattoria_50.001 ab. e più,pranzo al ristorante o trattoria_Abruzzo,pranzo al ristorante o trattoria_Basilicata,pranzo al ristorante o trattoria_Calabria,pranzo al ristorante o trattoria_Campania,pranzo al ristorante o trattoria_Centro,pranzo al ristorante o trattoria_Emilia-Romagna,pranzo al ristorante o trattoria_Friuli-Venezia Giulia,pranzo al ristorante o trattoria_Isole,pranzo al ristorante o trattoria_Lazio,pranzo al ristorante o trattoria_Liguria,pranzo al ristorante o trattoria_Lombardia,pranzo al ristorante o trattoria_Marche,pranzo al ristorante o trattoria_Mezzogiorno,pranzo al ristorante o trattoria_Molise,pranzo al ristorante o trattoria_Nord,pranzo al ristorante o trattoria_Nord-est,pranzo al ristorante o trattoria_Nord-ovest,pranzo al ristorante o trattoria_Piemonte,pranzo al ristorante o trattoria_Provincia Autonoma Bolzano / Bozen,pranzo al ristorante o trattoria_Provincia Autonoma Trento,pranzo al ristorante o trattoria_Puglia,pranzo al ristorante o trattoria_Sardegna,pranzo al ristorante o trattoria_Sicilia,pranzo al ristorante o trattoria_Sud,pranzo al ristorante o trattoria_Toscana,pranzo al ristorante o trattoria_Trentino Alto Adige / Südtirol,pranzo al ristorante o trattoria_Umbria,pranzo al ristorante o trattoria_Valle d'Aosta / Vallée d'Aoste,pranzo al ristorante o trattoria_Veneto,pranzo al ristorante o trattoria_centro area metropolitana,pranzo al ristorante o trattoria_fino a 2.000 ab.,pranzo al ristorante o trattoria_periferia area metropolitana,pranzo in casa_10.001 - 50.000 ab.,pranzo in casa_2.001 - 10.000 ab.,pranzo in casa_50.001 ab. e più,pranzo in casa_Abruzzo,pranzo in casa_Basilicata,pranzo in casa_Calabria,pranzo in casa_Campania,pranzo in casa_Centro,pranzo in casa_Emilia-Romagna,pranzo in casa_Friuli-Venezia Giulia,pranzo in casa_Isole,pranzo in casa_Lazio,pranzo in casa_Liguria,pranzo in casa_Lombardia,pranzo in casa_Marche,pranzo in casa_Mezzogiorno,pranzo in casa_Molise,pranzo in casa_Nord,pranzo in casa_Nord-est,pranzo in casa_Nord-ovest,pranzo in casa_Piemonte,pranzo in casa_Provincia Autonoma Bolzano / Bozen,pranzo in casa_Provincia Autonoma Trento,pranzo in casa_Puglia,pranzo in casa_Sardegna,pranzo in casa_Sicilia,pranzo in casa_Sud,pranzo in casa_Toscana,pranzo in casa_Trentino Alto Adige / Südtirol,pranzo in casa_Umbria,pranzo in casa_Valle d'Aosta / Vallée d'Aoste,pranzo in casa_Veneto,pranzo in casa_centro area metropolitana,pranzo in casa_fino a 2.000 ab.,pranzo in casa_periferia area metropolitana,pranzo in mensa_10.001 - 50.000 ab.,pranzo in mensa_2.001 - 10.000 ab.,pranzo in mensa_50.001 ab. e più,pranzo in mensa_Abruzzo,pranzo in mensa_Basilicata,pranzo in mensa_Calabria,pranzo in mensa_Campania,pranzo in mensa_Centro,pranzo in mensa_Emilia-Romagna,pranzo in mensa_Friuli-Venezia Giulia,pranzo in mensa_Isole,pranzo in mensa_Lazio,pranzo in mensa_Liguria,pranzo in mensa_Lombardia,pranzo in mensa_Marche,pranzo in mensa_Mezzogiorno,pranzo in mensa_Molise,pranzo in mensa_Nord,pranzo in mensa_Nord-est,pranzo in mensa_Nord-ovest,pranzo in mensa_Piemonte,pranzo in mensa_Provincia Autonoma Bolzano / Bozen,pranzo in mensa_Provincia Autonoma Trento,pranzo in mensa_Puglia,pranzo in mensa_Sardegna,pranzo in mensa_Sicilia,pranzo in mensa_Sud,pranzo in mensa_Toscana,pranzo in mensa_Trentino Alto Adige / Südtirol,pranzo in mensa_Umbria,pranzo in mensa_Valle d'Aosta / Vallée d'Aoste,pranzo in mensa_Veneto,pranzo in mensa_centro area metropolitana,pranzo in mensa_fino a 2.000 ab.,pranzo in mensa_periferia area metropolitana,pranzo sul posto di lavoro_10.001 - 50.000 ab.,pranzo sul posto di lavoro_2.001 - 10.000 ab.,pranzo sul posto di lavoro_50.001 ab. e più,pranzo sul posto di lavoro_Abruzzo,pranzo sul posto di lavoro_Basilicata,pranzo sul posto di lavoro_Calabria,pranzo sul posto di lavoro_Campania,pranzo sul posto di lavoro_Centro,pranzo sul posto di lavoro_Emilia-Romagna,pranzo sul posto di lavoro_Friuli-Venezia Giulia,pranzo sul posto di lavoro_Isole,pranzo sul posto di lavoro_Lazio,pranzo sul posto di lavoro_Liguria,pranzo sul posto di lavoro_Lombardia,pranzo sul posto di lavoro_Marche,pranzo sul posto di lavoro_Mezzogiorno,pranzo sul posto di lavoro_Molise,pranzo sul posto di lavoro_Nord,pranzo sul posto di lavoro_Nord-est,pranzo sul posto di lavoro_Nord-ovest,pranzo sul posto di lavoro_Piemonte,pranzo sul posto di lavoro_Provincia Autonoma Bolzano / Bozen,pranzo sul posto di lavoro_Provincia Autonoma Trento,pranzo sul posto di lavoro_Puglia,pranzo sul posto di lavoro_Sardegna,pranzo sul posto di lavoro_Sicilia,pranzo sul posto di lavoro_Sud,pranzo sul posto di lavoro_Toscana,pranzo sul posto di lavoro_Trentino Alto Adige / Südtirol,pranzo sul posto di lavoro_Umbria,pranzo sul posto di lavoro_Valle d'Aosta / Vallée d'Aoste,pranzo sul posto di lavoro_Veneto,pranzo sul posto di lavoro_centro area metropolitana,pranzo sul posto di lavoro_fino a 2.000 ab.,pranzo sul posto di lavoro_periferia area metropolitana
1993,9416.0,9749.0,6435.0,833.0,360.0,1159.0,3163.0,7713.0,2849.0,778.0,3974.0,3517.0,1092.0,5767.0,1065.0,12122.0,208.0,16941.0,7300.0,9640.0,2705.0,327.0,308.0,2425.0,1054.0,2920.0,8148.0,2505.0,635.0,626.0,77.0,3038.0,6022.0,2315.0,2838.0,0.0,0.0,0.0,0.0,0.0,0.0,0.0,0.0,0.0,0.0,0.0,0.0,0.0,0.0,0.0,0.0,0.0,0.0,0.0,0.0,0.0,0.0,0.0,0.0,0.0,0.0,0.0,0.0,0.0,0.0,0.0,0.0,0.0,0.0,0.0,11437.0,11748.0,7691.0,1052.0,481.0,1656.0,4742.0,8008.0,2879.0,885.0,5441.0,3596.0,1216.0,5904.0,1187.0,17064.0,269.0,17936.0,7896.0,10040.0,2830.0,364.0,363.0,3422.0,1346.0,4095.0,11623.0,2550.0,727.0,675.0,90.0,3405.0,6265.0,2862.0,3006.0,2128.0,2035.0,1390.0,110.0,67.0,192.0,420.0,2065.0,833.0,210.0,606.0,1205.0,351.0,2394.0,155.0,1671.0,38.0,5759.0,1837.0,3922.0,1157.0,39.0,52.0,238.0,119.0,488.0,1065.0,643.0,90.0,61.0,20.0,703.0,2537.0,408.0,999.0,139.0,134.0,98.0,1.0,1.0,4.0,16.0,206.0,61.0,7.0,13.0,154.0,27.0,244.0,1.0,40.0,1.0,526.0,130.0,396.0,124.0,2.0,4.0,5.0,3.0,10.0,27.0,49.0,6.0,2.0,2.0,56.0,302.0,14.0,86.0,244.0,246.0,152.0,12.0,3.0,16.0,48.0,196.0,75.0,41.0,33.0,113.0,45.0,292.0,22.0,130.0,1.0,691.0,267.0,424.0,84.0,19.0,16.0,17.0,7.0,26.0,97.0,51.0,35.0,10.0,3.0,117.0,226.0,72.0,76.0,12173.0,12201.0,8411.0,1080.0,523.0,1758.0,4862.0,8886.0,3149.0,959.0,5876.0,4054.0,1358.0,6532.0,1257.0,18011.0,293.0,19599.0,8383.0,11216.0,3231.0,347.0,356.0,3620.0,1426.0,4450.0,12135.0,2869.0,703.0,707.0,95.0,3571.0,7379.0,2951.0,3381.0,0.0,0.0,0.0,0.0,0.0,0.0,0.0,0.0,0.0,0.0,0.0,0.0,0.0,0.0,0.0,0.0,0.0,0.0,0.0,0.0,0.0,0.0,0.0,0.0,0.0,0.0,0.0,0.0,0.0,0.0,0.0,0.0,0.0,0.0,0.0,0.0,0.0,0.0,0.0,0.0,0.0,0.0,0.0,0.0,0.0,0.0,0.0,0.0,0.0,0.0,0.0,0.0,0.0,0.0,0.0,0.0,0.0,0.0,0.0,0.0,0.0,0.0,0.0,0.0,0.0,0.0,0.0,0.0,0.0,0.0
1994,10089.0,10156.0,6645.0,854.0,394.0,1243.0,3473.0,7915.0,2859.0,743.0,4276.0,3608.0,1199.0,6009.0,1037.0,13135.0,212.0,17451.0,7311.0,10139.0,2849.0,336.0,322.0,2682.0,1048.0,3228.0,8858.0,2656.0,658.0,615.0,82.0,3052.0,6203.0,2373.0,3035.0,0.0,0.0,0.0,0.0,0.0,0.0,0.0,0.0,0.0,0.0,0.0,0.0,0.0,0.0,0.0,0.0,0.0,0.0,0.0,0.0,0.0,0.0,0.0,0.0,0.0,0.0,0.0,0.0,0.0,0.0,0.0,0.0,0.0,0.0,0.0,11568.0,11509.0,7643.0,1080.0,527.0,1691.0,4728.0,7735.0,2869.0,881.0,5482.0,3442.0,1201.0,5987.0,1143.0,17238.0,266.0,17877.0,7827.0,10051.0,2773.0,345.0,365.0,3465.0,1394.0,4087.0,11757.0,2486.0,710.0,664.0,89.0,3366.0,6075.0,2823.0,3233.0,2162.0,2232.0,1479.0,111.0,40.0,205.0,503.0,2290.0,770.0,229.0,625.0,1239.0,357.0,2227.0,166.0,1774.0,40.0,5617.0,1820.0,3798.0,1196.0,51.0,45.0,249.0,98.0,527.0,1149.0,788.0,97.0,98.0,19.0,724.0,2459.0,460.0,889.0,139.0,111.0,85.0,2.0,2.0,6.0,10.0,277.0,57.0,11.0,26.0,214.0,32.0,232.0,6.0,53.0,1.0,525.0,121.0,404.0,139.0,3.0,1.0,8.0,1.0,24.0,28.0,50.0,5.0,6.0,1.0,49.0,396.0,29.0,95.0,267.0,309.0,193.0,13.0,4.0,21.0,66.0,226.0,101.0,36.0,68.0,120.0,39.0,358.0,26.0,198.0,2.0,827.0,317.0,510.0,108.0,27.0,14.0,23.0,11.0,57.0,130.0,66.0,41.0,14.0,5.0,139.0,298.0,77.0,107.0,12419.0,12313.0,8415.0,1089.0,538.0,1833.0,4960.0,8808.0,3149.0,927.0,5939.0,3968.0,1339.0,6610.0,1234.0,18303.0,293.0,19620.0,8382.0,11238.0,3198.0,340.0,357.0,3651.0,1451.0,4488.0,12363.0,2900.0,697.0,707.0,92.0,3609.0,7149.0,2919.0,3515.0,0.0,0.0,0.0,0.0,0.0,0.0,0.0,0.0,0.0,0.0,0.0,0.0,0.0,0.0,0.0,0.0,0.0,0.0,0.0,0.0,0.0,0.0,0.0,0.0,0.0,0.0,0.0,0.0,0.0,0.0,0.0,0.0,0.0,0.0,0.0,0.0,0.0,0.0,0.0,0.0,0.0,0.0,0.0,0.0,0.0,0.0,0.0,0.0,0.0,0.0,0.0,0.0,0.0,0.0,0.0,0.0,0.0,0.0,0.0,0.0,0.0,0.0,0.0,0.0,0.0,0.0,0.0,0.0,0.0,0.0
1995,9362.0,9921.0,6422.0,866.0,393.0,1270.0,3591.0,8149.0,2941.0,756.0,4498.0,3851.0,1159.0,6368.0,1076.0,13529.0,195.0,17988.0,7454.0,10534.0,2926.0,332.0,335.0,2715.0,1169.0,3329.0,9030.0,2577.0,667.0,645.0,80.0,3090.0,6801.0,2311.0,4849.0,0.0,0.0,0.0,0.0,0.0,0.0,0.0,0.0,0.0,0.0,0.0,0.0,0.0,0.0,0.0,0.0,0.0,0.0,0.0,0.0,0.0,0.0,0.0,0.0,0.0,0.0,0.0,0.0,0.0,0.0,0.0,0.0,0.0,0.0,0.0,10504.0,11075.0,7110.0,1034.0,517.0,1645.0,4905.0,7797.0,2788.0,857.0,5385.0,3616.0,1173.0,5671.0,1146.0,17301.0,259.0,17316.0,7616.0,9701.0,2771.0,358.0,361.0,3556.0,1382.0,4003.0,11916.0,2383.0,719.0,652.0,86.0,3252.0,6372.0,2695.0,4659.0,1934.0,2109.0,1516.0,118.0,41.0,214.0,409.0,2364.0,889.0,239.0,769.0,1194.0,362.0,2460.0,173.0,1800.0,34.0,6070.0,2083.0,3987.0,1145.0,52.0,51.0,216.0,134.0,635.0,1031.0,888.0,102.0,110.0,20.0,853.0,2643.0,510.0,1522.0,125.0,137.0,111.0,6.0,1.0,5.0,17.0,318.0,96.0,15.0,27.0,206.0,55.0,252.0,15.0,64.0,2.0,643.0,173.0,470.0,162.0,2.0,3.0,7.0,7.0,20.0,37.0,92.0,4.0,6.0,1.0,57.0,431.0,22.0,198.0,277.0,363.0,172.0,13.0,5.0,16.0,73.0,316.0,117.0,43.0,59.0,200.0,59.0,359.0,30.0,198.0,2.0,972.0,423.0,549.0,127.0,30.0,20.0,30.0,17.0,42.0,139.0,72.0,50.0,14.0,4.0,214.0,392.0,81.0,200.0,11247.0,11650.0,7762.0,1090.0,532.0,1790.0,5009.0,8654.0,3026.0,912.0,5963.0,3906.0,1282.0,6375.0,1233.0,18248.0,288.0,18926.0,8068.0,10858.0,3108.0,330.0,352.0,3577.0,1425.0,4538.0,12286.0,2818.0,682.0,697.0,92.0,3447.0,7230.0,2839.0,5101.0,0.0,0.0,0.0,0.0,0.0,0.0,0.0,0.0,0.0,0.0,0.0,0.0,0.0,0.0,0.0,0.0,0.0,0.0,0.0,0.0,0.0,0.0,0.0,0.0,0.0,0.0,0.0,0.0,0.0,0.0,0.0,0.0,0.0,0.0,0.0,0.0,0.0,0.0,0.0,0.0,0.0,0.0,0.0,0.0,0.0,0.0,0.0,0.0,0.0,0.0,0.0,0.0,0.0,0.0,0.0,0.0,0.0,0.0,0.0,0.0,0.0,0.0,0.0,0.0,0.0,0.0,0.0,0.0,0.0,0.0
1996,10114.0,10479.0,7025.0,939.0,412.0,1376.0,3948.0,8654.0,3143.0,832.0,4819.0,4034.0,1276.0,6736.0,1164.0,14576.0,229.0,19253.0,8067.0,11186.0,3087.0,366.0,341.0,2853.0,1212.0,3607.0,9757.0,2770.0,707.0,687.0,88.0,3385.0,7270.0,2485.0,5111.0,6086.0,6290.0,4215.0,513.0,229.0,814.0,2247.0,5607.0,1926.0,461.0,2633.0,2678.0,792.0,4024.0,697.0,8359.0,132.0,11459.0,4888.0,6572.0,1703.0,223.0,226.0,1791.0,688.0,1944.0,5726.0,1800.0,449.0,432.0,52.0,2051.0,4313.0,1423.0,3099.0,10330.0,10682.0,6984.0,1042.0,508.0,1714.0,4556.0,7275.0,2763.0,812.0,5384.0,3168.0,1155.0,5570.0,1119.0,16919.0,267.0,16922.0,7411.0,9510.0,2696.0,351.0,354.0,3448.0,1326.0,4058.0,11535.0,2358.0,705.0,630.0,89.0,3132.0,5726.0,2590.0,4805.0,2085.0,2497.0,1636.0,122.0,54.0,200.0,638.0,2845.0,901.0,261.0,736.0,1638.0,398.0,2646.0,187.0,2086.0,39.0,6545.0,2215.0,4331.0,1266.0,54.0,54.0,297.0,180.0,556.0,1350.0,894.0,107.0,126.0,21.0,945.0,3157.0,557.0,1544.0,169.0,152.0,117.0,3.0,1.0,4.0,36.0,385.0,108.0,8.0,40.0,264.0,57.0,310.0,9.0,103.0,1.0,684.0,188.0,496.0,127.0,2.0,3.0,17.0,6.0,34.0,63.0,105.0,5.0,7.0,2.0,66.0,515.0,45.0,174.0,301.0,361.0,153.0,16.0,2.0,11.0,69.0,335.0,91.0,40.0,93.0,206.0,50.0,378.0,33.0,217.0,2.0,899.0,369.0,530.0,98.0,27.0,19.0,23.0,13.0,80.0,124.0,82.0,45.0,15.0,5.0,193.0,368.0,70.0,200.0,11165.0,11466.0,7830.0,1073.0,531.0,1784.0,4853.0,8649.0,3075.0,899.0,5863.0,3909.0,1281.0,6292.0,1224.0,17974.0,280.0,18808.0,8037.0,10771.0,3109.0,331.0,334.0,3588.0,1401.0,4462.0,12110.0,2807.0,665.0,708.0,89.0,3398.0,7109.0,2739.0,5122.0,0.0,0.0,0.0,0.0,0.0,0.0,0.0,0.0,0.0,0.0,0.0,0.0,0.0,0.0,0.0,0.0,0.0,0.0,0.0,0.0,0.0,0.0,0.0,0.0,0.0,0.0,0.0,0.0,0.0,0.0,0.0,0.0,0.0,0.0,0.0,0.0,0.0,0.0,0.0,0.0,0.0,0.0,0.0,0.0,0.0,0.0,0.0,0.0,0.0,0.0,0.0,0.0,0.0,0.0,0.0,0.0,0.0,0.0,0.0,0.0,0.0,0.0,0.0,0.0,0.0,0.0,0.0,0.0,0.0,0.0
1997,10098.0,10398.0,7047.0,903.0,427.0,1378.0,3986.0,8749.0,3096.0,866.0,4776.0,4169.0,1247.0,6626.0,1163.0,14625.0,226.0,18946.0,8053.0,10893.0,2934.0,370.0,345.0,2928.0,1213.0,3562.0,9849.0,2738.0,715.0,679.0,86.0,3377.0,7059.0,2451.0,5268.0,5980.0,5977.0,4090.0,562.0,274.0,743.0,2121.0,5776.0,1771.0,482.0,2552.0,2860.0,727.0,3994.0,711.0,8296.0,132.0,11125.0,4704.0,6421.0,1651.0,224.0,217.0,1910.0,703.0,1850.0,5743.0,1765.0,442.0,441.0,49.0,2010.0,4356.0,1517.0,3276.0,10453.0,10632.0,7079.0,1002.0,523.0,1691.0,4744.0,7197.0,2714.0,830.0,5346.0,3258.0,1108.0,5621.0,1083.0,17140.0,274.0,16835.0,7536.0,9300.0,2488.0,360.0,350.0,3559.0,1292.0,4053.0,11794.0,2247.0,710.0,608.0,83.0,3282.0,5519.0,2661.0,4828.0,2153.0,2377.0,1585.0,118.0,45.0,163.0,584.0,2895.0,925.0,263.0,814.0,1523.0,393.0,2459.0,225.0,2004.0,30.0,6431.0,2129.0,4302.0,1424.0,43.0,61.0,250.0,194.0,621.0,1190.0,1000.0,104.0,147.0,25.0,837.0,3154.0,485.0,1576.0,116.0,142.0,131.0,5.0,1.0,4.0,18.0,347.0,77.0,10.0,29.0,240.0,55.0,260.0,12.0,66.0,,628.0,162.0,467.0,151.0,3.0,2.0,10.0,9.0,19.0,37.0,85.0,5.0,9.0,2.0,69.0,458.0,24.0,171.0,254.0,291.0,211.0,18.0,3.0,12.0,61.0,267.0,107.0,41.0,65.0,129.0,43.0,350.0,32.0,187.0,4.0,836.0,343.0,493.0,95.0,28.0,20.0,24.0,16.0,49.0,122.0,88.0,48.0,17.0,5.0,147.0,281.0,76.0,177.0,11042.0,11055.0,7559.0,1002.0,516.0,1742.0,4819.0,8273.0,2923.0,881.0,5727.0,3716.0,1204.0,6109.0,1191.0,17619.0,281.0,18218.0,7851.0,10368.0,2972.0,323.0,343.0,3531.0,1318.0,4409.0,11891.0,2683.0,666.0,683.0,83.0,3380.0,6683.0,2694.0,5076.0,843.0,960.0,495.0,69.0,32.0,54.0,191.0,784.0,387.0,92.0,177.0,441.0,122.0,937.0,75.0,636.0,14.0,2511.0,941.0,1570.0,497.0,38.0,52.0,100.0,83.0,94.0,459.0,228.0,90.0,40.0,13.0,373.0,783.0,218.0,633.0,461.0,645.0,283.0,50.0,21.0,73.0,248.0,546.0,151.0,54.0,244.0,335.0,77.0,502.0,35.0,734.0,13.0,1240.0,402.0,838.0,253.0,21.0,13.0,84.0,73.0,171.0,490.0,148.0,34.0,28.0,6.0,162.0,548.0,172.0,411.0
1998,10270.0,10542.0,7244.0,968.0,425.0,1342.0,3988.0,8610.0,3086.0,906.0,4802.0,4063.0,1272.0,6894.0,1148.0,14580.0,232.0,19397.0,8078.0,11319.0,3068.0,361.0,333.0,2823.0,1207.0,3595.0,9778.0,2762.0,694.0,637.0,84.0,3392.0,6756.0,2562.0,5214.0,5950.0,6057.0,4209.0,606.0,224.0,720.0,2296.0,5493.0,1740.0,465.0,2708.0,2640.0,782.0,4081.0,682.0,8367.0,130.0,11246.0,4538.0,6708.0,1798.0,196.0,206.0,1683.0,699.0,2009.0,5659.0,1783.0,402.0,388.0,47.0,1931.0,4190.0,1509.0,3190.0,10374.0,10608.0,6958.0,1017.0,509.0,1624.0,4585.0,7239.0,2693.0,819.0,5207.0,3267.0,1084.0,5513.0,1133.0,16619.0,261.0,16531.0,7322.0,9209.0,2530.0,352.0,350.0,3416.0,1311.0,3896.0,11412.0,2223.0,702.0,615.0,82.0,3108.0,5318.0,2524.0,4606.0,2278.0,2402.0,1734.0,149.0,34.0,258.0,722.0,2691.0,931.0,267.0,811.0,1399.0,419.0,2615.0,198.0,2308.0,44.0,6641.0,2280.0,4360.0,1301.0,52.0,46.0,291.0,140.0,671.0,1497.0,978.0,98.0,116.0,26.0,985.0,2876.0,623.0,1727.0,152.0,152.0,121.0,7.0,1.0,7.0,22.0,284.0,85.0,9.0,25.0,178.0,52.0,263.0,7.0,71.0,,626.0,172.0,454.0,137.0,5.0,4.0,10.0,7.0,18.0,47.0,91.0,9.0,8.0,2.0,69.0,367.0,37.0,153.0,288.0,356.0,165.0,17.0,4.0,21.0,61.0,265.0,104.0,32.0,52.0,125.0,44.0,384.0,37.0,182.0,4.0,848.0,335.0,514.0,82.0,27.0,18.0,23.0,13.0,39.0,130.0,86.0,45.0,17.0,4.0,153.0,237.0,94.0,156.0,10768.0,10887.0,7552.0,1032.0,480.0,1656.0,4700.0,8013.0,2935.0,869.0,5657.0,3612.0,1222.0,5926.0,1159.0,17239.0,273.0,17832.0,7757.0,10074.0,2843.0,317.0,313.0,3442.0,1349.0,4308.0,11582.0,2566.0,630.0,677.0,83.0,3323.0,6301.0,2655.0,4921.0,915.0,1007.0,556.0,71.0,34.0,72.0,253.0,816.0,375.0,98.0,185.0,426.0,111.0,971.0,91.0,745.0,13.0,2537.0,937.0,1600.0,507.0,40.0,50.0,117.0,82.0,103.0,560.0,265.0,90.0,35.0,10.0,374.0,758.0,218.0,647.0,610.0,721.0,355.0,53.0,23.0,93.0,291.0,676.0,166.0,63.0,248.0,420.0,89.0,573.0,35.0,843.0,17.0,1473.0,474.0,999.0,332.0,20.0,20.0,118.0,57.0,191.0,595.0,191.0,39.0,29.0,5.0,206.0,629.0,222.0,455.0
1999,10387.0,10339.0,7084.0,937.0,396.0,1307.0,3949.0,8589.0,3016.0,870.0,4765.0,4010.0,1246.0,6662.0,1119.0,14552.0,239.0,19025.0,7875.0,11150.0,3155.0,348.0,341.0,2958.0,1211.0,3554.0,9787.0,2808.0,689.0,652.0,87.0,3299.0,6781.0,2520.0,5055.0,5976.0,6050.0,4119.0,585.0,232.0,642.0,2309.0,5307.0,1732.0,485.0,2553.0,2474.0,714.0,3887.0,685.0,8224.0,143.0,10972.0,4575.0,6397.0,1744.0,189.0,222.0,1760.0,650.0,1903.0,5671.0,1795.0,411.0,354.0,52.0,1946.0,4115.0,1418.0,2824.0,10402.0,10205.0,6838.0,982.0,499.0,1573.0,4550.0,7262.0,2597.0,846.0,5064.0,3174.0,1103.0,5231.0,1085.0,16284.0,269.0,16174.0,7213.0,8961.0,2544.0,339.0,341.0,3347.0,1262.0,3802.0,11220.0,2367.0,680.0,636.0,84.0,3089.0,5367.0,2606.0,4302.0,2085.0,2616.0,1728.0,154.0,46.0,169.0,710.0,2576.0,998.0,231.0,912.0,1436.0,377.0,2712.0,199.0,2294.0,33.0,6623.0,2292.0,4331.0,1222.0,52.0,59.0,270.0,184.0,728.0,1381.0,830.0,111.0,111.0,21.0,952.0,2775.0,540.0,1748.0,163.0,177.0,159.0,7.0,2.0,8.0,24.0,311.0,94.0,11.0,65.0,189.0,65.0,275.0,10.0,111.0,,655.0,167.0,488.0,147.0,3.0,2.0,4.0,15.0,51.0,45.0,103.0,5.0,9.0,1.0,57.0,387.0,29.0,161.0,269.0,345.0,210.0,21.0,5.0,17.0,66.0,222.0,129.0,38.0,69.0,115.0,42.0,335.0,36.0,202.0,4.0,911.0,405.0,506.0,125.0,30.0,19.0,19.0,14.0,55.0,132.0,59.0,49.0,11.0,4.0,189.0,251.0,95.0,164.0,11099.0,10660.0,7418.0,1005.0,492.0,1650.0,4642.0,8016.0,2878.0,886.0,5638.0,3530.0,1185.0,5838.0,1155.0,17171.0,272.0,17492.0,7636.0,9856.0,2749.0,319.0,314.0,3473.0,1347.0,4290.0,11533.0,2643.0,633.0,688.0,85.0,3240.0,6157.0,2525.0,4820.0,837.0,1049.0,550.0,83.0,38.0,90.0,231.0,799.0,353.0,88.0,174.0,435.0,114.0,961.0,76.0,768.0,16.0,2465.0,913.0,1552.0,464.0,31.0,58.0,135.0,67.0,107.0,594.0,254.0,88.0,33.0,12.0,384.0,739.0,258.0,598.0,528.0,768.0,342.0,56.0,26.0,72.0,282.0,701.0,167.0,55.0,226.0,466.0,82.0,621.0,30.0,798.0,16.0,1532.0,460.0,1071.0,364.0,21.0,18.0,119.0,58.0,168.0,571.0,175.0,39.0,29.0,5.0,199.0,732.0,193.0,468.0
2000,10086.0,10476.0,7142.0,975.0,425.0,1354.0,3685.0,8545.0,3114.0,891.0,4656.0,3897.0,1224.0,6676.0,1126.0,14180.0,226.0,19028.0,7957.0,11071.0,3089.0,362.0,334.0,2858.0,1129.0,3528.0,9524.0,2882.0,695.0,640.0,83.0,3257.0,6575.0,2431.0,5044.0,5733.0,5653.0,4072.0,595.0,224.0,691.0,2030.0,5325.0,1572.0,479.0,2367.0,2449.0,727.0,3658.0,644.0,7844.0,128.0,10275.0,4163.0,6113.0,1685.0,172.0,191.0,1809.0,588.0,1780.0,5477.0,1881.0,362.0,351.0,43.0,1750.0,3730.0,1294.0,2964.0,9944.0,10312.0,6855.0,973.0,503.0,1490.0,4309.0,7047.0,2669.0,788.0,5060.0,2985.0,1035.0,5135.0,1138.0,16029.0,259.0,15845.0,7210.0,8634.0,2382.0,353.0,344.0,3436.0,1286.0,3773.0,10970.0,2324.0,697.0,600.0,83.0,3057.0,4988.0,2453.0,4370.0,2434.0,2570.0,1763.0,154.0,49.0,232.0,726.0,2716.0,955.0,280.0,912.0,1531.0,444.0,2931.0,176.0,2455.0,36.0,7090.0,2255.0,4835.0,1439.0,41.0,58.0,346.0,162.0,751.0,1543.0,863.0,100.0,146.0,22.0,920.0,3029.0,612.0,1853.0,165.0,164.0,136.0,7.0,2.0,7.0,19.0,256.0,99.0,18.0,39.0,169.0,51.0,293.0,11.0,97.0,1.0,729.0,191.0,539.0,193.0,3.0,6.0,22.0,12.0,27.0,58.0,72.0,8.0,5.0,1.0,65.0,417.0,35.0,167.0,271.0,352.0,218.0,24.0,8.0,14.0,74.0,305.0,151.0,38.0,68.0,166.0,47.0,425.0,43.0,217.0,4.0,982.0,394.0,588.0,109.0,26.0,20.0,25.0,14.0,53.0,149.0,77.0,46.0,19.0,7.0,159.0,327.0,109.0,227.0,10706.0,10683.0,7389.0,1040.0,495.0,1700.0,4436.0,7777.0,2846.0,837.0,5467.0,3336.0,1175.0,5619.0,1206.0,16860.0,270.0,17147.0,7517.0,9631.0,2756.0,318.0,321.0,3451.0,1317.0,4151.0,11392.0,2572.0,639.0,664.0,81.0,3195.0,5746.0,2505.0,4756.0,899.0,1000.0,565.0,68.0,32.0,79.0,199.0,863.0,357.0,102.0,200.0,473.0,117.0,1101.0,74.0,687.0,14.0,2612.0,943.0,1669.0,439.0,39.0,56.0,94.0,74.0,125.0,487.0,274.0,95.0,42.0,12.0,389.0,826.0,232.0,641.0,660.0,781.0,367.0,48.0,25.0,89.0,318.0,729.0,204.0,72.0,301.0,441.0,85.0,616.0,36.0,953.0,17.0,1560.0,518.0,1042.0,336.0,19.0,19.0,156.0,74.0,228.0,652.0,214.0,38.0,38.0,5.0,205.0,696.0,232.0,505.0
2001,10194.0,10354.0,6963.0,901.0,423.0,1205.0,3660.0,8507.0,3047.0,839.0,4679.0,3922.0,1242.0,6826.0,1136.0,13920.0,219.0,19150.0,7968.0,11182.0,3024.0,361.0,337.0,2832.0,1163.0,3516.0,9240.0,2792.0,698.0,657.0,90.0,3384.0,6541.0,2475.0,5051.0,5896.0,5693.0,3827.0,469.0,201.0,613.0,1791.0,5317.0,1678.0,418.0,2591.0,2465.0,717.0,3724.0,704.0,7457.0,132.0,10468.0,4371.0,6096.0,1603.0,204.0,203.0,1661.0,634.0,1957.0,4866.0,1766.0,407.0,381.0,52.0,1869.0,3715.0,1370.0,2740.0,10346.0,10509.0,6846.0,971.0,492.0,1554.0,4492.0,6945.0,2620.0,794.0,5126.0,3007.0,1023.0,5338.0,1110.0,16364.0,266.0,16393.0,7308.0,9085.0,2637.0,360.0,342.0,3463.0,1245.0,3881.0,11238.0,2225.0,702.0,603.0,87.0,3193.0,5018.0,2475.0,4508.0,2158.0,2246.0,1631.0,139.0,38.0,248.0,595.0,2572.0,948.0,248.0,703.0,1415.0,421.0,2764.0,181.0,2001.0,28.0,6542.0,2154.0,4388.0,1182.0,40.0,55.0,250.0,155.0,548.0,1298.0,847.0,95.0,129.0,21.0,862.0,2722.0,597.0,1762.0,181.0,161.0,194.0,11.0,2.0,6.0,22.0,326.0,140.0,17.0,36.0,212.0,48.0,340.0,16.0,89.0,2.0,815.0,260.0,555.0,165.0,3.0,5.0,11.0,16.0,20.0,53.0,87.0,8.0,10.0,3.0,94.0,434.0,44.0,216.0,303.0,359.0,223.0,28.0,4.0,25.0,69.0,279.0,122.0,37.0,64.0,133.0,52.0,433.0,37.0,226.0,4.0,1015.0,383.0,633.0,142.0,23.0,17.0,32.0,18.0,46.0,162.0,92.0,41.0,17.0,6.0,184.0,319.0,98.0,220.0,10701.0,10856.0,7245.0,974.0,481.0,1609.0,4545.0,7747.0,2812.0,831.0,5443.0,3429.0,1165.0,5722.0,1164.0,16741.0,271.0,17422.0,7652.0,9770.0,2799.0,341.0,314.0,3417.0,1309.0,4134.0,11298.0,2503.0,655.0,651.0,84.0,3354.0,5727.0,2540.0,4840.0,897.0,928.0,510.0,75.0,38.0,74.0,246.0,781.0,308.0,101.0,169.0,405.0,109.0,1093.0,61.0,735.0,12.0,2504.0,839.0,1665.0,452.0,34.0,56.0,120.0,67.0,102.0,566.0,277.0,90.0,39.0,12.0,340.0,822.0,234.0,630.0,657.0,658.0,378.0,61.0,20.0,71.0,268.0,660.0,202.0,64.0,273.0,367.0,95.0,607.0,52.0,837.0,13.0,1486.0,479.0,1008.0,300.0,18.0,17.0,131.0,86.0,187.0,564.0,203.0,35.0,39.0,6.0,178.0,623.0,204.0,463.0
2002,10314.0,10516.0,7037.0,980.0,394.0,1240.0,3927.0,8627.0,3073.0,839.0,4523.0,3884.0,1199.0,6818.0,1204.0,14145.0,222.0,19400.0,8128.0,11271.0,3167.0,370.0,347.0,2859.0,1177.0,3346.0,9622.0,2878.0,716.0,660.0,86.0,3501.0,6585.0,2523.0,5198.0,5622.0,5887.0,3946.0,578.0,214.0,591.0,2268.0,5402.0,1668.0,451.0,2376.0,2495.0,684.0,3742.0,679.0,7819.0,120.0,10646.0,4393.0,6252.0,1777.0,195.0,193.0,1672.0,657.0,1719.0,5443.0,1806.0,388.0,421.0,50.0,1887.0,3954.0,1360.0,3098.0,10194.0,10350.0,6586.0,986.0,509.0,1532.0,4519.0,6829.0,2590.0,779.0,5044.0,2952.0,978.0,5314.0,1082.0,16248.0,260.0,15958.0,7117.0,8841.0,2460.0,371.0,366.0,3398.0,1243.0,3800.0,11205.0,2186.0,737.0,609.0,89.0,3011.0,4953.0,2484.0,4468.0,2435.0,2527.0,1927.0,137.0,33.0,225.0,646.0,2712.0,1044.0,267.0,768.0,1393.0,455.0,2934.0,216.0,2164.0,31.0,7215.0,2436.0,4779.0,1371.0,36.0,65.0,324.0,199.0,569.0,1397.0,972.0,102.0,131.0,18.0,1023.0,2780.0,663.0,1760.0,232.0,175.0,195.0,8.0,1.0,9.0,21.0,382.0,109.0,17.0,68.0,218.0,61.0,279.0,20.0,125.0,1.0,726.0,228.0,498.0,156.0,4.0,5.0,18.0,15.0,53.0,57.0,138.0,9.0,6.0,2.0,93.0,390.0,52.0,188.0,318.0,385.0,227.0,19.0,7.0,22.0,33.0,284.0,147.0,41.0,72.0,121.0,37.0,437.0,41.0,200.0,4.0,1044.0,406.0,638.0,158.0,26.0,24.0,42.0,11.0,61.0,128.0,103.0,49.0,19.0,5.0,168.0,282.0,111.0,205.0,10841.0,10688.0,7082.0,1006.0,500.0,1639.0,4673.0,7705.0,2742.0,817.0,5481.0,3368.0,1136.0,5787.0,1173.0,16994.0,261.0,17164.0,7445.0,9719.0,2715.0,338.0,322.0,3434.0,1324.0,4157.0,11513.0,2504.0,660.0,660.0,81.0,3226.0,5857.0,2546.0,4848.0,914.0,1070.0,642.0,77.0,31.0,90.0,201.0,786.0,379.0,111.0,203.0,369.0,118.0,1131.0,78.0,726.0,14.0,2728.0,987.0,1740.0,480.0,34.0,55.0,111.0,74.0,129.0,523.0,302.0,88.0,36.0,12.0,410.0,709.0,266.0,638.0,692.0,818.0,429.0,57.0,16.0,98.0,314.0,776.0,264.0,62.0,241.0,478.0,82.0,706.0,45.0,885.0,17.0,1790.0,615.0,1175.0,379.0,16.0,19.0,142.0,87.0,154.0,644.0,216.0,35.0,37.0,8.0,254.0,756.0,236.0,521.0
2003,10549.0,10784.0,7155.0,944.0,428.0,1298.0,3896.0,8717.0,3188.0,879.0,4816.0,4017.0,1244.0,7125.0,1220.0,14516.0,231.0,19979.0,8352.0,11627.0,3170.0,362.0,345.0,2903.0,1255.0,3562.0,9700.0,2801.0,707.0,678.0,88.0,3578.0,6743.0,2647.0,5335.0,5772.0,5927.0,4134.0,553.0,244.0,673.0,2246.0,5572.0,1718.0,453.0,2492.0,2644.0,705.0,3903.0,723.0,8083.0,132.0,10808.0,4468.0,6340.0,1690.0,189.0,194.0,1743.0,690.0,1802.0,5591.0,1776.0,383.0,429.0,43.0,1914.0,4025.0,1491.0,3113.0,10303.0,10489.0,6487.0,984.0,500.0,1462.0,4413.0,6908.0,2632.0,798.0,5050.0,3050.0,989.0,5526.0,1078.0,16080.0,263.0,16486.0,7316.0,9169.0,2571.0,364.0,364.0,3408.0,1223.0,3827.0,11030.0,2186.0,729.0,594.0,83.0,3158.0,4986.0,2604.0,4604.0,2429.0,2529.0,1878.0,144.0,41.0,237.0,776.0,2737.0,1006.0,259.0,955.0,1381.0,445.0,2667.0,247.0,2478.0,31.0,6772.0,2378.0,4394.0,1257.0,43.0,74.0,293.0,223.0,732.0,1523.0,971.0,117.0,138.0,24.0,996.0,2879.0,590.0,1682.0,234.0,194.0,226.0,11.0,1.0,5.0,40.0,368.0,112.0,21.0,90.0,233.0,61.0,343.0,16.0,179.0,1.0,893.0,238.0,655.0,249.0,7.0,7.0,31.0,15.0,76.0,89.0,109.0,13.0,10.0,2.0,92.0,522.0,49.0,216.0,375.0,404.0,247.0,20.0,6.0,22.0,93.0,292.0,147.0,49.0,82.0,137.0,53.0,452.0,43.0,265.0,4.0,1106.0,446.0,660.0,150.0,29.0,22.0,38.0,16.0,66.0,183.0,95.0,51.0,16.0,5.0,199.0,330.0,130.0,176.0,10863.0,10894.0,7158.0,1032.0,493.0,1655.0,4609.0,7785.0,2862.0,826.0,5558.0,3409.0,1114.0,5794.0,1163.0,17034.0,253.0,17378.0,7608.0,9770.0,2777.0,314.0,322.0,3434.0,1324.0,4234.0,11475.0,2556.0,637.0,657.0,85.0,3283.0,5851.0,2582.0,4848.0,1066.0,1167.0,645.0,82.0,33.0,75.0,264.0,907.0,411.0,116.0,212.0,453.0,139.0,1131.0,100.0,827.0,20.0,2839.0,1082.0,1758.0,476.0,44.0,63.0,142.0,91.0,121.0,615.0,313.0,107.0,41.0,12.0,447.0,719.0,271.0,704.0,571.0,652.0,341.0,47.0,24.0,95.0,225.0,638.0,192.0,53.0,269.0,390.0,64.0,543.0,39.0,765.0,18.0,1323.0,477.0,846.0,233.0,21.0,18.0,86.0,75.0,194.0,496.0,175.0,39.0,34.0,6.0,193.0,534.0,210.0,418.0
2005,10876.0,11105.0,7381.0,981.0,415.0,1307.0,3924.0,8934.0,3349.0,921.0,4907.0,4087.0,1263.0,7247.0,1242.0,14817.0,231.0,20574.0,8728.0,11846.0,3252.0,380.0,369.0,3053.0,1185.0,3721.0,9910.0,2915.0,749.0,690.0,85.0,3709.0,6974.0,2589.0,5401.0,6334.0,6536.0,4444.0,620.0,255.0,720.0,2314.0,5665.0,1949.0,508.0,2841.0,2601.0,805.0,4095.0,714.0,8857.0,150.0,11756.0,4999.0,6757.0,1812.0,205.0,215.0,1956.0,658.0,2184.0,6015.0,1926.0,419.0,425.0,45.0,2123.0,4284.0,1471.0,3208.0,10231.0,10583.0,6597.0,996.0,509.0,1526.0,4498.0,6842.0,2785.0,785.0,4952.0,2970.0,1041.0,5531.0,1113.0,16066.0,263.0,16713.0,7517.0,9196.0,2540.0,367.0,353.0,3323.0,1179.0,3773.0,11114.0,2117.0,720.0,641.0,85.0,3226.0,5105.0,2557.0,4547.0,2577.0,2575.0,1948.0,172.0,34.0,227.0,814.0,2934.0,944.0,298.0,967.0,1535.0,393.0,2676.0,248.0,2593.0,32.0,6809.0,2328.0,4481.0,1389.0,46.0,70.0,348.0,204.0,762.0,1627.0,1018.0,117.0,132.0,22.0,970.0,2921.0,658.0,1657.0,241.0,191.0,193.0,11.0,1.0,8.0,37.0,403.0,100.0,14.0,46.0,249.0,68.0,329.0,18.0,129.0,2.0,846.0,240.0,606.0,206.0,4.0,10.0,25.0,13.0,33.0,84.0,121.0,13.0,15.0,3.0,112.0,496.0,49.0,209.0,337.0,505.0,230.0,21.0,5.0,21.0,80.0,285.0,132.0,46.0,65.0,136.0,57.0,512.0,46.0,228.0,3.0,1186.0,458.0,728.0,153.0,37.0,32.0,35.0,21.0,43.0,163.0,82.0,68.0,21.0,6.0,212.0,316.0,106.0,204.0,10916.0,10913.0,7196.0,1030.0,496.0,1669.0,4577.0,7728.0,2958.0,808.0,5601.0,3353.0,1154.0,5820.0,1161.0,17064.0,264.0,17524.0,7754.0,9770.0,2715.0,317.0,310.0,3427.0,1304.0,4297.0,11463.0,2534.0,627.0,679.0,80.0,3361.0,5904.0,2646.0,4741.0,1048.0,1070.0,622.0,76.0,29.0,68.0,224.0,844.0,408.0,116.0,182.0,442.0,108.0,1169.0,97.0,706.0,13.0,2844.0,1034.0,1811.0,522.0,47.0,65.0,113.0,82.0,100.0,524.0,262.0,112.0,43.0,12.0,398.0,697.0,239.0,719.0,625.0,772.0,485.0,67.0,15.0,76.0,373.0,817.0,246.0,78.0,227.0,500.0,87.0,659.0,56.0,889.0,13.0,1659.0,563.0,1096.0,343.0,19.0,18.0,117.0,76.0,152.0,661.0,222.0,37.0,40.0,6.0,202.0,695.0,204.0,584.0
2006,11380.0,10871.0,7521.0,999.0,437.0,1349.0,3959.0,8993.0,3302.0,853.0,4865.0,4084.0,1312.0,7294.0,1273.0,14969.0,236.0,20491.0,8576.0,11915.0,3216.0,379.0,366.0,3123.0,1198.0,3667.0,10104.0,2947.0,745.0,688.0,93.0,3677.0,6764.0,2568.0,5350.0,6568.0,6246.0,4543.0,643.0,252.0,749.0,2201.0,5706.0,1904.0,463.0,2891.0,2588.0,719.0,4011.0,762.0,8879.0,137.0,11455.0,4824.0,6632.0,1853.0,195.0,210.0,2006.0,683.0,2209.0,5988.0,1912.0,405.0,443.0,49.0,2052.0,4091.0,1498.0,3095.0,10589.0,10309.0,6768.0,966.0,499.0,1539.0,4490.0,6943.0,2605.0,767.0,5121.0,2974.0,1022.0,5906.0,1086.0,16246.0,249.0,16797.0,7225.0,9572.0,2557.0,364.0,340.0,3382.0,1261.0,3860.0,11126.0,2251.0,703.0,633.0,86.0,3150.0,5084.0,2521.0,4714.0,2559.0,2401.0,1960.0,149.0,45.0,184.0,695.0,2811.0,1113.0,271.0,751.0,1455.0,445.0,2502.0,256.0,2150.0,35.0,6903.0,2581.0,4322.0,1351.0,56.0,87.0,290.0,184.0,567.0,1398.0,952.0,143.0,148.0,24.0,1053.0,2763.0,585.0,1594.0,245.0,205.0,224.0,19.0,4.0,15.0,28.0,399.0,167.0,21.0,69.0,231.0,60.0,362.0,14.0,165.0,2.0,950.0,304.0,646.0,222.0,4.0,15.0,29.0,17.0,52.0,96.0,147.0,19.0,7.0,2.0,97.0,560.0,58.0,222.0,396.0,480.0,230.0,34.0,6.0,20.0,91.0,298.0,133.0,45.0,58.0,117.0,49.0,522.0,44.0,247.0,5.0,1159.0,443.0,716.0,140.0,33.0,26.0,32.0,12.0,46.0,189.0,117.0,59.0,20.0,5.0,207.0,289.0,141.0,168.0,11250.0,10752.0,7301.0,1047.0,484.0,1642.0,4644.0,7900.0,2875.0,806.0,5490.0,3489.0,1172.0,5924.0,1221.0,17030.0,265.0,17538.0,7620.0,9918.0,2741.0,318.0,311.0,3458.0,1319.0,4171.0,11540.0,2518.0,630.0,672.0,82.0,3310.0,5754.0,2521.0,4890.0,1077.0,970.0,612.0,58.0,32.0,66.0,221.0,847.0,424.0,109.0,217.0,398.0,117.0,1165.0,79.0,716.0,15.0,2841.0,1105.0,1736.0,442.0,51.0,66.0,108.0,85.0,132.0,499.0,320.0,117.0,50.0,13.0,456.0,786.0,277.0,684.0,756.0,749.0,461.0,55.0,20.0,74.0,343.0,849.0,203.0,72.0,244.0,507.0,107.0,623.0,60.0,857.0,15.0,1609.0,573.0,1036.0,298.0,26.0,23.0,106.0,76.0,168.0,613.0,229.0,49.0,54.0,8.0,249.0,669.0,172.0,509.0
2007,11420.0,10799.0,7596.0,975.0,408.0,1317.0,4005.0,9352.0,3351.0,860.0,4797.0,4409.0,1281.0,7381.0,1230.0,14723.0,233.0,20776.0,8737.0,12038.0,3282.0,387.0,374.0,2987.0,1205.0,3592.0,9926.0,2993.0,761.0,721.0,94.0,3765.0,6949.0,2568.0,5519.0,6862.0,6252.0,4540.0,620.0,262.0,770.0,2448.0,6201.0,1887.0,452.0,2740.0,3061.0,741.0,4230.0,740.0,8887.0,144.0,11711.0,4921.0,6790.0,1762.0,219.0,217.0,1903.0,681.0,2059.0,6147.0,1939.0,436.0,461.0,57.0,2146.0,4256.0,1570.0,3319.0,10658.0,9901.0,6803.0,974.0,476.0,1472.0,4386.0,7088.0,2760.0,791.0,4959.0,3199.0,1015.0,5532.0,1110.0,15756.0,235.0,16557.0,7485.0,9072.0,2437.0,360.0,381.0,3254.0,1166.0,3793.0,10798.0,2158.0,741.0,621.0,87.0,3193.0,4987.0,2427.0,4627.0,2649.0,2566.0,1845.0,174.0,50.0,226.0,699.0,2827.0,1033.0,263.0,880.0,1442.0,467.0,2775.0,241.0,2391.0,42.0,6985.0,2331.0,4655.0,1393.0,54.0,66.0,319.0,234.0,647.0,1511.0,1002.0,120.0,142.0,20.0,916.0,2914.0,588.0,1641.0,249.0,229.0,244.0,17.0,3.0,13.0,30.0,469.0,148.0,25.0,86.0,276.0,79.0,331.0,14.0,173.0,2.0,860.0,265.0,596.0,183.0,3.0,14.0,22.0,18.0,68.0,87.0,166.0,17.0,13.0,3.0,75.0,492.0,62.0,226.0,380.0,456.0,247.0,23.0,6.0,19.0,85.0,333.0,141.0,51.0,65.0,189.0,48.0,486.0,44.0,241.0,3.0,1158.0,457.0,700.0,160.0,36.0,21.0,40.0,21.0,44.0,176.0,73.0,57.0,26.0,6.0,207.0,327.0,105.0,218.0,11444.0,10347.0,7350.0,1025.0,487.0,1579.0,4544.0,7829.0,2846.0,825.0,5554.0,3487.0,1133.0,5837.0,1198.0,16818.0,252.0,17495.0,7727.0,9768.0,2713.0,326.0,309.0,3377.0,1328.0,4226.0,11264.0,2494.0,635.0,650.0,86.0,3421.0,5654.0,2459.0,4889.0,962.0,1151.0,664.0,71.0,26.0,86.0,230.0,929.0,423.0,107.0,182.0,475.0,130.0,1153.0,95.0,721.0,15.0,2840.0,1046.0,1793.0,498.0,46.0,72.0,112.0,73.0,109.0,540.0,313.0,118.0,46.0,13.0,399.0,736.0,271.0,706.0,760.0,858.0,468.0,75.0,23.0,109.0,325.0,868.0,273.0,69.0,239.0,533.0,100.0,797.0,66.0,914.0,21.0,1846.0,588.0,1258.0,355.0,19.0,23.0,123.0,77.0,162.0,675.0,229.0,42.0,39.0,6.0,204.0,772.0,223.0,546.0
2008,11823.0,10859.0,7908.0,1092.0,408.0,1413.0,4088.0,9422.0,3368.0,922.0,4963.0,4455.0,1293.0,7336.0,1284.0,15290.0,241.0,20880.0,8757.0,12123.0,3396.0,378.0,381.0,3084.0,1264.0,3699.0,10327.0,2972.0,758.0,712.0,98.0,3709.0,6988.0,2556.0,5457.0,7061.0,6323.0,4770.0,728.0,252.0,832.0,2324.0,6242.0,1895.0,502.0,2795.0,3052.0,777.0,4216.0,769.0,9058.0,134.0,11897.0,4971.0,6925.0,1885.0,198.0,235.0,1993.0,738.0,2057.0,6263.0,1966.0,433.0,455.0,47.0,2142.0,4159.0,1533.0,3351.0,10831.0,9737.0,6747.0,1032.0,487.0,1488.0,4303.0,7060.0,2702.0,797.0,4932.0,3187.0,980.0,5470.0,1119.0,15816.0,245.0,16279.0,7295.0,8985.0,2452.0,364.0,376.0,3329.0,1265.0,3667.0,10883.0,2120.0,740.0,634.0,83.0,3056.0,5140.0,2444.0,4256.0,2733.0,2803.0,2113.0,144.0,47.0,214.0,708.0,2923.0,1082.0,284.0,999.0,1500.0,456.0,2896.0,218.0,2470.0,41.0,7458.0,2693.0,4765.0,1388.0,52.0,70.0,317.0,220.0,779.0,1471.0,1067.0,123.0,137.0,24.0,1205.0,2802.0,564.0,1836.0,240.0,204.0,252.0,15.0,1.0,13.0,28.0,437.0,138.0,16.0,82.0,264.0,65.0,359.0,12.0,164.0,2.0,904.0,266.0,638.0,210.0,7.0,9.0,22.0,11.0,71.0,82.0,152.0,15.0,9.0,3.0,97.0,492.0,55.0,261.0,371.0,484.0,254.0,25.0,7.0,25.0,62.0,321.0,174.0,51.0,76.0,158.0,42.0,476.0,40.0,229.0,4.0,1211.0,538.0,673.0,149.0,36.0,38.0,29.0,22.0,54.0,153.0,98.0,75.0,26.0,6.0,239.0,303.0,102.0,247.0,11668.0,10225.0,7534.0,1069.0,483.0,1617.0,4628.0,7976.0,2857.0,846.0,5401.0,3597.0,1138.0,5798.0,1201.0,16958.0,263.0,17417.0,7643.0,9773.0,2756.0,319.0,333.0,3496.0,1322.0,4079.0,11557.0,2508.0,652.0,671.0,82.0,3287.0,5804.0,2502.0,4617.0,1077.0,1129.0,714.0,77.0,40.0,81.0,220.0,863.0,432.0,124.0,174.0,387.0,125.0,1173.0,83.0,756.0,14.0,2941.0,1150.0,1791.0,477.0,50.0,56.0,150.0,76.0,98.0,583.0,344.0,107.0,50.0,16.0,488.0,714.0,225.0,702.0,791.0,860.0,545.0,58.0,20.0,93.0,318.0,914.0,286.0,68.0,305.0,524.0,112.0,799.0,68.0,922.0,18.0,1983.0,660.0,1323.0,404.0,25.0,20.0,110.0,85.0,220.0,618.0,276.0,45.0,47.0,8.0,261.0,746.0,243.0,635.0
2009,11994.0,10700.0,7866.0,1042.0,433.0,1445.0,4159.0,9487.0,3344.0,933.0,4974.0,4424.0,1267.0,7445.0,1270.0,15421.0,241.0,20869.0,8735.0,12134.0,3323.0,391.0,397.0,3128.0,1221.0,3753.0,10447.0,3082.0,788.0,711.0,99.0,3670.0,7109.0,2663.0,5445.0,7070.0,6012.0,4692.0,662.0,253.0,884.0,2498.0,6015.0,1799.0,518.0,2795.0,2833.0,788.0,3985.0,791.0,9356.0,149.0,11466.0,4765.0,6701.0,1872.0,206.0,241.0,2113.0,719.0,2076.0,6560.0,1960.0,447.0,430.0,56.0,2002.0,4340.0,1559.0,3163.0,10861.0,9698.0,6906.0,977.0,470.0,1370.0,4411.0,6987.0,2621.0,752.0,4895.0,3066.0,971.0,5672.0,1081.0,15744.0,240.0,16591.0,7315.0,9276.0,2549.0,365.0,381.0,3382.0,1182.0,3713.0,10849.0,2207.0,746.0,633.0,84.0,3197.0,4999.0,2486.0,4370.0,2664.0,2811.0,2056.0,161.0,54.0,255.0,735.0,3103.0,1153.0,318.0,975.0,1662.0,469.0,2756.0,269.0,2541.0,41.0,7154.0,2580.0,4574.0,1324.0,48.0,77.0,320.0,266.0,708.0,1567.0,1027.0,125.0,145.0,25.0,983.0,2821.0,546.0,1900.0,249.0,220.0,240.0,21.0,3.0,19.0,49.0,441.0,142.0,23.0,83.0,251.0,84.0,372.0,17.0,196.0,2.0,954.0,273.0,681.0,221.0,4.0,6.0,20.0,17.0,66.0,113.0,152.0,10.0,21.0,4.0,98.0,529.0,55.0,298.0,398.0,470.0,293.0,38.0,5.0,27.0,91.0,349.0,194.0,60.0,103.0,190.0,47.0,482.0,37.0,293.0,6.0,1274.0,578.0,696.0,161.0,42.0,37.0,24.0,28.0,75.0,190.0,103.0,79.0,19.0,6.0,245.0,389.0,131.0,235.0,11653.0,10390.0,7607.0,1024.0,484.0,1594.0,4617.0,7907.0,2887.0,827.0,5473.0,3436.0,1117.0,5901.0,1176.0,16888.0,256.0,17554.0,7702.0,9852.0,2750.0,312.0,327.0,3440.0,1260.0,4213.0,11415.0,2614.0,639.0,681.0,84.0,3349.0,5527.0,2491.0,4681.0,1019.0,1063.0,667.0,72.0,30.0,75.0,253.0,936.0,420.0,103.0,212.0,475.0,127.0,1179.0,112.0,768.0,11.0,2857.0,1070.0,1787.0,467.0,51.0,77.0,114.0,87.0,126.0,555.0,307.0,128.0,42.0,13.0,418.0,800.0,285.0,726.0,839.0,891.0,508.0,51.0,24.0,92.0,253.0,960.0,294.0,96.0,248.0,618.0,116.0,799.0,72.0,811.0,21.0,1982.0,701.0,1281.0,359.0,23.0,27.0,124.0,81.0,167.0,564.0,222.0,50.0,48.0,7.0,261.0,801.0,201.0,514.0
2010,12157.0,10775.0,8116.0,1071.0,418.0,1439.0,4202.0,9500.0,3435.0,955.0,4799.0,4378.0,1325.0,7686.0,1303.0,15307.0,233.0,21477.0,9029.0,12448.0,3337.0,397.0,410.0,3145.0,1236.0,3564.0,10508.0,3104.0,807.0,715.0,100.0,3832.0,7007.0,2556.0,5673.0,7102.0,6237.0,4608.0,658.0,241.0,866.0,2513.0,6062.0,1805.0,538.0,2788.0,2807.0,764.0,4270.0,792.0,9180.0,147.0,11731.0,4815.0,6917.0,1832.0,201.0,231.0,1968.0,730.0,2058.0,6392.0,2052.0,432.0,411.0,51.0,2039.0,4132.0,1457.0,3437.0,11015.0,9942.0,7015.0,963.0,470.0,1417.0,4415.0,7108.0,2721.0,812.0,4902.0,3241.0,991.0,5640.0,1057.0,15811.0,249.0,16817.0,7457.0,9361.0,2641.0,346.0,359.0,3395.0,1213.0,3689.0,10909.0,2202.0,706.0,608.0,89.0,3219.0,4961.0,2306.0,4496.0,2971.0,2583.0,2167.0,205.0,56.0,248.0,825.0,3148.0,1115.0,247.0,966.0,1589.0,444.0,2917.0,307.0,2620.0,42.0,7308.0,2615.0,4693.0,1310.0,85.0,95.0,277.0,220.0,746.0,1654.0,1065.0,181.0,186.0,22.0,1072.0,2948.0,628.0,1778.0,273.0,215.0,224.0,22.0,4.0,16.0,31.0,435.0,137.0,19.0,87.0,280.0,71.0,315.0,11.0,181.0,2.0,899.0,288.0,612.0,222.0,5.0,8.0,19.0,12.0,75.0,94.0,134.0,13.0,10.0,3.0,118.0,495.0,57.0,251.0,453.0,436.0,224.0,36.0,5.0,25.0,105.0,384.0,130.0,42.0,91.0,203.0,30.0,507.0,59.0,317.0,4.0,1165.0,475.0,691.0,147.0,45.0,30.0,51.0,14.0,77.0,226.0,102.0,75.0,19.0,6.0,228.0,361.0,102.0,291.0,11793.0,10335.0,7780.0,1014.0,473.0,1632.0,4648.0,8028.0,2960.0,830.0,5475.0,3576.0,1131.0,6028.0,1205.0,16925.0,257.0,17826.0,7824.0,10002.0,2765.0,323.0,342.0,3426.0,1313.0,4163.0,11449.0,2559.0,664.0,689.0,78.0,3370.0,5660.0,2449.0,4762.0,1100.0,1045.0,697.0,84.0,28.0,60.0,205.0,991.0,446.0,122.0,188.0,493.0,128.0,1188.0,89.0,714.0,15.0,2986.0,1121.0,1864.0,531.0,46.0,68.0,135.0,73.0,114.0,527.0,374.0,114.0,35.0,17.0,439.0,822.0,217.0,809.0,804.0,907.0,555.0,65.0,25.0,83.0,366.0,942.0,273.0,95.0,286.0,593.0,121.0,758.0,63.0,944.0,14.0,1893.0,670.0,1223.0,335.0,32.0,24.0,105.0,82.0,204.0,658.0,236.0,56.0,49.0,9.0,247.0,726.0,223.0,564.0
2011,12286.0,10921.0,8160.0,1056.0,422.0,1393.0,4252.0,9563.0,3449.0,944.0,4914.0,4508.0,1313.0,7465.0,1260.0,15455.0,235.0,21405.0,9084.0,12321.0,3447.0,404.0,393.0,3183.0,1243.0,3670.0,10541.0,3052.0,796.0,743.0,95.0,3895.0,6869.0,2536.0,5651.0,7311.0,6300.0,4788.0,637.0,253.0,806.0,2409.0,6069.0,1929.0,496.0,2744.0,2886.0,782.0,4199.0,764.0,9118.0,150.0,11935.0,4925.0,7009.0,1977.0,195.0,211.0,2120.0,735.0,2009.0,6374.0,1978.0,406.0,441.0,51.0,2094.0,4051.0,1383.0,3288.0,11000.0,9902.0,6936.0,961.0,477.0,1459.0,4473.0,6983.0,2691.0,786.0,4748.0,3146.0,961.0,5730.0,1091.0,15751.0,242.0,16759.0,7481.0,9279.0,2508.0,383.0,383.0,3391.0,1248.0,3501.0,11003.0,2147.0,766.0,599.0,80.0,3238.0,4866.0,2361.0,4428.0,3026.0,2594.0,2275.0,250.0,45.0,244.0,822.0,3302.0,1105.0,261.0,1121.0,1726.0,494.0,2831.0,264.0,2838.0,30.0,7302.0,2559.0,4743.0,1389.0,51.0,75.0,327.0,234.0,887.0,1717.0,1132.0,126.0,181.0,29.0,1066.0,2945.0,604.0,1997.0,254.0,206.0,234.0,13.0,5.0,9.0,48.0,441.0,158.0,17.0,97.0,292.0,86.0,285.0,23.0,188.0,2.0,870.0,290.0,580.0,205.0,4.0,9.0,14.0,19.0,78.0,91.0,114.0,13.0,13.0,4.0,103.0,512.0,41.0,254.0,387.0,481.0,265.0,47.0,5.0,20.0,84.0,370.0,121.0,69.0,86.0,217.0,53.0,556.0,47.0,267.0,3.0,1241.0,450.0,791.0,177.0,32.0,35.0,22.0,15.0,71.0,180.0,82.0,67.0,24.0,6.0,193.0,336.0,122.0,286.0,11757.0,10437.0,7667.0,1007.0,467.0,1623.0,4544.0,7958.0,2928.0,813.0,5294.0,3557.0,1111.0,6047.0,1165.0,16752.0,258.0,17736.0,7823.0,9913.0,2679.0,331.0,337.0,3559.0,1319.0,3974.0,11458.0,2566.0,668.0,670.0,76.0,3414.0,5506.0,2429.0,4650.0,1093.0,1054.0,747.0,83.0,27.0,79.0,249.0,895.0,430.0,110.0,205.0,423.0,116.0,1205.0,96.0,767.0,15.0,2910.0,1096.0,1813.0,475.0,52.0,61.0,109.0,79.0,126.0,562.0,326.0,113.0,51.0,17.0,443.0,702.0,226.0,750.0,961.0,844.0,537.0,75.0,25.0,84.0,370.0,984.0,292.0,75.0,319.0,606.0,101.0,760.0,62.0,1026.0,17.0,1991.0,688.0,1303.0,434.0,27.0,27.0,136.0,93.0,226.0,707.0,270.0,55.0,46.0,8.0,266.0,838.0,194.0,626.0
2012,12445.0,11035.0,8116.0,1097.0,406.0,1381.0,4068.0,9546.0,3576.0,919.0,5001.0,4456.0,1302.0,7687.0,1305.0,15325.0,238.0,21812.0,9277.0,12534.0,3453.0,404.0,414.0,3134.0,1264.0,3737.0,10324.0,3036.0,818.0,748.0,92.0,3964.0,7082.0,2388.0,5617.0,7194.0,6552.0,4731.0,683.0,237.0,751.0,2268.0,6053.0,2074.0,504.0,2713.0,2895.0,817.0,4375.0,786.0,8833.0,147.0,12243.0,5099.0,7144.0,1902.0,183.0,232.0,2033.0,741.0,1972.0,6120.0,1921.0,414.0,451.0,49.0,2107.0,4049.0,1307.0,3296.0,10990.0,10023.0,6999.0,964.0,456.0,1455.0,4482.0,7083.0,2681.0,789.0,4973.0,3176.0,954.0,5584.0,1087.0,15928.0,252.0,16645.0,7459.0,9186.0,2566.0,368.0,393.0,3347.0,1244.0,3729.0,10955.0,2208.0,761.0,611.0,81.0,3229.0,4967.0,2243.0,4434.0,3133.0,2571.0,2138.0,172.0,60.0,233.0,812.0,3312.0,1125.0,283.0,965.0,1806.0,476.0,3057.0,250.0,2654.0,33.0,7604.0,2666.0,4937.0,1378.0,55.0,71.0,379.0,209.0,756.0,1688.0,1085.0,126.0,172.0,27.0,1132.0,2984.0,668.0,2077.0,251.0,197.0,269.0,14.0,1.0,6.0,24.0,434.0,143.0,22.0,71.0,256.0,83.0,302.0,24.0,134.0,3.0,910.0,290.0,620.0,232.0,6.0,7.0,16.0,13.0,58.0,63.0,136.0,13.0,18.0,3.0,112.0,470.0,40.0,250.0,354.0,422.0,226.0,30.0,5.0,19.0,72.0,281.0,142.0,43.0,60.0,123.0,46.0,459.0,37.0,231.0,5.0,1109.0,452.0,657.0,144.0,41.0,34.0,40.0,7.0,53.0,171.0,95.0,75.0,27.0,7.0,193.0,300.0,83.0,235.0,12051.0,10537.0,7679.0,1060.0,463.0,1650.0,4752.0,8060.0,2894.0,804.0,5647.0,3635.0,1064.0,6221.0,1207.0,17376.0,258.0,17903.0,7755.0,10148.0,2782.0,336.0,338.0,3546.0,1318.0,4329.0,11729.0,2560.0,675.0,658.0,81.0,3382.0,5727.0,2445.0,4899.0,1003.0,1082.0,704.0,62.0,25.0,59.0,157.0,883.0,498.0,134.0,210.0,457.0,114.0,1144.0,81.0,645.0,16.0,2926.0,1214.0,1712.0,440.0,57.0,74.0,116.0,101.0,109.0,435.0,294.0,131.0,50.0,14.0,450.0,721.0,214.0,729.0,1040.0,840.0,551.0,71.0,34.0,83.0,360.0,1030.0,304.0,87.0,292.0,635.0,142.0,874.0,59.0,973.0,9.0,2172.0,745.0,1427.0,402.0,20.0,20.0,123.0,91.0,201.0,680.0,272.0,41.0,63.0,9.0,313.0,873.0,238.0,632.0
2013,12465.0,10851.0,8260.0,1074.0,430.0,1371.0,4238.0,9549.0,3535.0,966.0,4970.0,4449.0,1266.0,7595.0,1254.0,15462.0,239.0,21769.0,9312.0,12457.0,3496.0,406.0,398.0,3140.0,1287.0,3684.0,10492.0,3105.0,804.0,741.0,100.0,4006.0,7083.0,2532.0,5589.0,7155.0,6148.0,4842.0,653.0,255.0,744.0,2398.0,5955.0,1924.0,496.0,2837.0,2832.0,743.0,4044.0,753.0,9103.0,155.0,11823.0,4990.0,6833.0,1993.0,206.0,219.0,2060.0,693.0,2144.0,6266.0,1939.0,425.0,431.0,54.0,2145.0,4242.0,1324.0,3170.0,11135.0,9756.0,7006.0,986.0,480.0,1437.0,4331.0,7193.0,2729.0,811.0,4764.0,3265.0,933.0,5813.0,1148.0,15609.0,253.0,16978.0,7522.0,9456.0,2619.0,382.0,399.0,3359.0,1252.0,3512.0,10845.0,2156.0,780.0,625.0,91.0,3202.0,5011.0,2377.0,4495.0,2981.0,2756.0,2316.0,191.0,47.0,231.0,865.0,3265.0,1189.0,276.0,1118.0,1729.0,511.0,2947.0,216.0,2886.0,36.0,7634.0,2776.0,4858.0,1379.0,53.0,60.0,397.0,231.0,888.0,1767.0,1142.0,113.0,177.0,22.0,1197.0,3035.0,640.0,2056.0,272.0,215.0,271.0,20.0,3.0,18.0,46.0,474.0,124.0,13.0,128.0,255.0,74.0,332.0,17.0,245.0,1.0,841.0,251.0,591.0,182.0,3.0,10.0,30.0,14.0,114.0,117.0,182.0,13.0,20.0,3.0,101.0,507.0,58.0,237.0,337.0,404.0,257.0,16.0,5.0,17.0,72.0,390.0,142.0,53.0,57.0,220.0,46.0,480.0,36.0,205.0,4.0,1113.0,466.0,647.0,114.0,31.0,32.0,34.0,14.0,44.0,148.0,114.0,63.0,19.0,7.0,208.0,348.0,95.0,267.0,12227.0,10450.0,7878.0,1039.0,479.0,1623.0,4720.0,8034.0,3050.0,835.0,5548.0,3642.0,1059.0,6144.0,1218.0,17197.0,256.0,18314.0,8070.0,10244.0,2955.0,350.0,339.0,3532.0,1357.0,4190.0,11650.0,2497.0,689.0,677.0,85.0,3497.0,5774.0,2407.0,4810.0,1031.0,1098.0,674.0,72.0,30.0,68.0,216.0,963.0,389.0,136.0,175.0,452.0,127.0,1142.0,91.0,697.0,13.0,2743.0,1043.0,1700.0,416.0,45.0,70.0,122.0,82.0,93.0,522.0,365.0,115.0,55.0,14.0,402.0,724.0,235.0,641.0,872.0,852.0,601.0,68.0,19.0,73.0,383.0,1003.0,349.0,74.0,297.0,637.0,118.0,788.0,66.0,981.0,16.0,2097.0,776.0,1321.0,407.0,29.0,28.0,125.0,73.0,224.0,684.0,244.0,56.0,56.0,8.0,297.0,843.0,247.0,666.0
2014,12520.0,11166.0,8113.0,1024.0,419.0,1410.0,4250.0,9791.0,3651.0,995.0,5021.0,4762.0,1303.0,7838.0,1263.0,15463.0,234.0,22026.0,9378.0,12648.0,3411.0,407.0,417.0,3104.0,1237.0,3784.0,10442.0,3028.0,824.0,739.0,96.0,3908.0,7120.0,2592.0,5770.0,7172.0,6057.0,4566.0,587.0,236.0,787.0,2427.0,6069.0,1998.0,520.0,2623.0,2948.0,701.0,4130.0,751.0,8807.0,137.0,11722.0,5019.0,6703.0,1825.0,205.0,235.0,2009.0,673.0,1950.0,6184.0,1924.0,440.0,447.0,48.0,2060.0,4011.0,1410.0,3382.0,11334.0,9846.0,6891.0,934.0,445.0,1446.0,4202.0,7272.0,2822.0,791.0,4899.0,3434.0,971.0,5935.0,1054.0,15524.0,253.0,17131.0,7519.0,9612.0,2620.0,356.0,380.0,3344.0,1171.0,3729.0,10624.0,2175.0,736.0,609.0,86.0,3170.0,4890.0,2319.0,4646.0,2907.0,2812.0,2146.0,196.0,69.0,210.0,1058.0,3341.0,1074.0,280.0,1098.0,1769.0,472.0,2641.0,292.0,2983.0,31.0,7062.0,2618.0,4444.0,1304.0,54.0,74.0,320.0,279.0,820.0,1885.0,1120.0,127.0,161.0,27.0,1136.0,3020.0,630.0,1872.0,212.0,227.0,205.0,14.0,3.0,6.0,29.0,474.0,93.0,20.0,64.0,289.0,72.0,251.0,21.0,140.0,2.0,693.0,226.0,467.0,140.0,6.0,10.0,23.0,8.0,56.0,76.0,147.0,16.0,17.0,4.0,97.0,423.0,46.0,194.0,306.0,406.0,236.0,19.0,5.0,13.0,63.0,300.0,130.0,49.0,53.0,133.0,49.0,424.0,39.0,187.0,4.0,1003.0,406.0,597.0,118.0,36.0,34.0,29.0,10.0,43.0,133.0,109.0,70.0,19.0,6.0,157.0,252.0,87.0,204.0,12335.0,10483.0,7646.0,1035.0,461.0,1640.0,4702.0,8149.0,3015.0,804.0,5572.0,3694.0,1086.0,6318.0,1179.0,17168.0,262.0,18237.0,7933.0,10304.0,2818.0,330.0,325.0,3498.0,1314.0,4258.0,11597.0,2571.0,655.0,706.0,81.0,3459.0,5722.0,2488.0,4881.0,1106.0,1024.0,651.0,59.0,28.0,47.0,227.0,894.0,538.0,134.0,223.0,518.0,145.0,1082.0,70.0,695.0,12.0,2959.0,1274.0,1685.0,444.0,60.0,79.0,99.0,88.0,135.0,472.0,265.0,139.0,41.0,15.0,463.0,749.0,250.0,768.0,938.0,899.0,590.0,71.0,19.0,64.0,384.0,974.0,329.0,84.0,284.0,572.0,113.0,859.0,80.0,944.0,11.0,2202.0,809.0,1392.0,411.0,31.0,29.0,111.0,87.0,196.0,660.0,275.0,60.0,47.0,9.0,336.0,869.0,193.0,632.0
2015,12780.0,11012.0,8310.0,1084.0,460.0,1369.0,4338.0,9865.0,3678.0,977.0,5165.0,4692.0,1294.0,7949.0,1271.0,15833.0,245.0,22230.0,9401.0,12829.0,3488.0,408.0,431.0,3172.0,1274.0,3891.0,10668.0,3162.0,839.0,740.0,98.0,3907.0,7478.0,2502.0,5845.0,7159.0,5938.0,4808.0,649.0,284.0,797.0,2484.0,5995.0,1848.0,533.0,2879.0,2882.0,724.0,4317.0,754.0,9348.0,157.0,11655.0,4747.0,6908.0,1819.0,180.0,220.0,2097.0,692.0,2187.0,6469.0,1931.0,400.0,428.0,47.0,1967.0,4400.0,1369.0,3323.0,11055.0,9649.0,6960.0,958.0,468.0,1412.0,4239.0,7293.0,2698.0,815.0,4918.0,3320.0,891.0,5908.0,1073.0,15498.0,254.0,16844.0,7479.0,9365.0,2484.0,384.0,377.0,3250.0,1229.0,3690.0,10580.0,2301.0,761.0,600.0,81.0,3205.0,5191.0,2358.0,4423.0,3048.0,2726.0,2210.0,224.0,48.0,279.0,1011.0,3302.0,1203.0,261.0,944.0,1839.0,529.0,2813.0,277.0,2947.0,37.0,7484.0,2659.0,4825.0,1455.0,49.0,67.0,405.0,250.0,694.0,2003.0,1008.0,117.0,179.0,28.0,1078.0,2978.0,573.0,2197.0,259.0,191.0,204.0,11.0,4.0,8.0,34.0,402.0,102.0,18.0,77.0,269.0,64.0,300.0,17.0,167.0,2.0,787.0,251.0,536.0,167.0,4.0,8.0,30.0,23.0,54.0,90.0,101.0,12.0,14.0,4.0,119.0,417.0,46.0,238.0,302.0,392.0,269.0,29.0,10.0,23.0,72.0,330.0,120.0,40.0,64.0,195.0,33.0,494.0,43.0,243.0,5.0,1049.0,395.0,654.0,119.0,39.0,27.0,39.0,12.0,52.0,179.0,72.0,66.0,20.0,7.0,169.0,349.0,83.0,228.0,12191.0,10221.0,7597.0,1067.0,474.0,1646.0,4633.0,8145.0,3026.0,850.0,5515.0,3694.0,1091.0,6175.0,1169.0,16987.0,258.0,18173.0,7924.0,10249.0,2903.0,335.0,341.0,3394.0,1293.0,4222.0,11472.0,2644.0,675.0,637.0,80.0,3373.0,5805.0,2474.0,5018.0,1104.0,1143.0,705.0,65.0,25.0,49.0,176.0,978.0,465.0,130.0,207.0,522.0,118.0,1217.0,79.0,681.0,13.0,3016.0,1205.0,1811.0,462.0,58.0,90.0,146.0,92.0,115.0,474.0,321.0,148.0,55.0,14.0,462.0,780.0,237.0,707.0,978.0,895.0,684.0,63.0,22.0,68.0,363.0,1045.0,355.0,79.0,284.0,592.0,119.0,858.0,82.0,959.0,13.0,2199.0,815.0,1383.0,395.0,31.0,25.0,144.0,107.0,177.0,675.0,306.0,56.0,65.0,11.0,326.0,878.0,211.0,556.0
2016,13028.0,10915.0,8258.0,1050.0,425.0,1436.0,4328.0,10029.0,3631.0,954.0,5159.0,4893.0,1262.0,7968.0,1272.0,15778.0,235.0,22278.0,9468.0,12811.0,3484.0,410.0,428.0,3146.0,1332.0,3826.0,10619.0,3114.0,839.0,750.0,96.0,4045.0,7477.0,2507.0,5901.0,7028.0,5859.0,4651.0,577.0,243.0,766.0,2417.0,5946.0,2006.0,490.0,2856.0,2945.0,723.0,3941.0,731.0,8873.0,128.0,11482.0,4954.0,6528.0,1818.0,180.0,231.0,1886.0,754.0,2102.0,6017.0,1844.0,412.0,425.0,47.0,2046.0,4209.0,1292.0,3261.0,11257.0,9502.0,6817.0,960.0,463.0,1495.0,4158.0,7068.0,2718.0,769.0,4722.0,3229.0,915.0,5873.0,1025.0,15284.0,240.0,16859.0,7377.0,9482.0,2616.0,389.0,392.0,3247.0,1218.0,3504.0,10563.0,2235.0,781.0,579.0,78.0,3109.0,5103.0,2314.0,4217.0,2999.0,2628.0,2209.0,171.0,60.0,207.0,995.0,3336.0,1104.0,288.0,1056.0,1847.0,492.0,2842.0,309.0,2908.0,39.0,7215.0,2666.0,4548.0,1187.0,48.0,73.0,380.0,257.0,799.0,1853.0,994.0,121.0,185.0,28.0,1153.0,2843.0,581.0,2199.0,190.0,219.0,214.0,10.0,3.0,10.0,28.0,455.0,123.0,21.0,90.0,301.0,53.0,299.0,24.0,165.0,3.0,727.0,250.0,477.0,122.0,5.0,13.0,22.0,14.0,76.0,75.0,121.0,19.0,9.0,3.0,88.0,436.0,30.0,257.0,311.0,389.0,243.0,24.0,6.0,29.0,58.0,344.0,141.0,48.0,63.0,187.0,45.0,395.0,34.0,210.0,3.0,1002.0,420.0,582.0,137.0,39.0,24.0,27.0,20.0,43.0,147.0,98.0,63.0,26.0,5.0,169.0,311.0,86.0,217.0,12221.0,10051.0,7516.0,1050.0,461.0,1596.0,4596.0,7977.0,2997.0,806.0,5436.0,3554.0,1058.0,6090.0,1182.0,16803.0,256.0,18036.0,7988.0,10048.0,2813.0,340.0,348.0,3408.0,1313.0,4123.0,11366.0,2571.0,688.0,670.0,87.0,3497.0,5725.0,2484.0,4819.0,1067.0,1108.0,672.0,60.0,24.0,57.0,230.0,953.0,401.0,118.0,203.0,500.0,129.0,1148.0,76.0,771.0,13.0,2806.0,1073.0,1733.0,444.0,60.0,75.0,183.0,92.0,111.0,568.0,327.0,136.0,50.0,11.0,418.0,721.0,204.0,757.0,1178.0,994.0,711.0,76.0,26.0,92.0,411.0,1197.0,401.0,102.0,350.0,711.0,141.0,999.0,92.0,1108.0,15.0,2509.0,919.0,1590.0,439.0,30.0,28.0,139.0,92.0,258.0,758.0,333.0,58.0,61.0,10.0,358.0,1017.0,222.0,692.0
2017,13004.0,10917.0,8308.0,1087.0,434.0,1505.0,4217.0,9980.0,3709.0,975.0,5054.0,4784.0,1302.0,7908.0,1279.0,15717.0,245.0,22279.0,9517.0,12762.0,3455.0,437.0,425.0,3174.0,1268.0,3785.0,10663.0,3160.0,861.0,757.0,97.0,3972.0,7385.0,2521.0,5840.0,6676.0,5594.0,4295.0,541.0,226.0,784.0,2243.0,5473.0,1889.0,478.0,2518.0,2579.0,721.0,3856.0,702.0,8389.0,141.0,10990.0,4638.0,6352.0,1727.0,204.0,192.0,1936.0,678.0,1840.0,5871.0,1763.0,397.0,430.0,47.0,1874.0,3943.0,1287.0,3057.0,11074.0,9377.0,6909.0,940.0,452.0,1433.0,4051.0,7138.0,2701.0,751.0,4848.0,3251.0,948.0,5744.0,1027.0,15260.0,247.0,16825.0,7423.0,9402.0,2625.0,377.0,388.0,3290.0,1222.0,3626.0,10412.0,2254.0,765.0,606.0,85.0,3206.0,5131.0,2322.0,4411.0,2985.0,2668.0,2123.0,168.0,50.0,230.0,1068.0,3136.0,1150.0,298.0,900.0,1770.0,441.0,2851.0,255.0,2811.0,36.0,7206.0,2656.0,4550.0,1233.0,60.0,75.0,360.0,228.0,671.0,1912.0,949.0,134.0,162.0,26.0,1074.0,2833.0,504.0,2040.0,245.0,169.0,188.0,11.0,3.0,11.0,40.0,376.0,90.0,17.0,68.0,243.0,59.0,232.0,22.0,160.0,1.0,670.0,223.0,447.0,152.0,3.0,10.0,27.0,12.0,56.0,93.0,101.0,14.0,10.0,4.0,103.0,373.0,38.0,194.0,379.0,389.0,227.0,24.0,4.0,19.0,73.0,259.0,128.0,46.0,65.0,123.0,52.0,502.0,33.0,216.0,4.0,1117.0,441.0,675.0,115.0,36.0,33.0,27.0,11.0,55.0,151.0,85.0,70.0,19.0,6.0,198.0,252.0,97.0,247.0,12124.0,10200.0,7515.0,1073.0,467.0,1619.0,4495.0,8225.0,2977.0,789.0,5511.0,3785.0,1055.0,6012.0,1141.0,16877.0,255.0,17802.0,7761.0,10041.0,2896.0,355.0,335.0,3456.0,1314.0,4198.0,11365.0,2613.0,691.0,687.0,78.0,3304.0,5709.0,2422.0,4933.0,1036.0,1037.0,707.0,57.0,24.0,61.0,220.0,984.0,438.0,134.0,199.0,538.0,122.0,1205.0,87.0,704.0,16.0,2860.0,1130.0,1730.0,389.0,43.0,74.0,126.0,85.0,114.0,504.0,321.0,117.0,38.0,14.0,441.0,906.0,200.0,663.0,1168.0,994.0,739.0,69.0,28.0,105.0,488.0,1109.0,410.0,85.0,365.0,637.0,143.0,1076.0,110.0,1202.0,16.0,2598.0,957.0,1641.0,411.0,38.0,28.0,133.0,123.0,241.0,838.0,298.0,66.0,64.0,10.0,396.0,985.0,232.0,791.0
2018,12233.0,10668.0,8133.0,1024.0,443.0,1387.0,4270.0,9794.0,3682.0,997.0,5046.0,4694.0,1286.0,7990.0,1254.0,15447.0,225.0,22290.0,9520.0,12770.0,3396.0,408.0,438.0,3051.0,1273.0,3773.0,10401.0,3115.0,846.0,731.0,98.0,3994.0,7372.0,2425.0,6698.0,6270.0,5441.0,4178.0,574.0,240.0,746.0,2367.0,5240.0,1747.0,472.0,2467.0,2467.0,656.0,3885.0,653.0,8261.0,126.0,10724.0,4474.0,6250.0,1663.0,177.0,212.0,1740.0,617.0,1850.0,5794.0,1717.0,389.0,403.0,46.0,1866.0,3772.0,1186.0,3378.0,10376.0,9375.0,6697.0,943.0,428.0,1400.0,4107.0,7301.0,2748.0,772.0,4761.0,3404.0,958.0,5722.0,1077.0,15087.0,241.0,16822.0,7467.0,9355.0,2592.0,385.0,382.0,3207.0,1219.0,3541.0,10326.0,2213.0,767.0,608.0,83.0,3180.0,5198.0,2259.0,5306.0,2906.0,2465.0,2274.0,171.0,64.0,285.0,984.0,3126.0,1104.0,282.0,1024.0,1675.0,393.0,2858.0,238.0,2962.0,35.0,7052.0,2591.0,4461.0,1187.0,75.0,77.0,398.0,236.0,788.0,1938.0,1048.0,152.0,165.0,23.0,1053.0,2851.0,531.0,2115.0,240.0,196.0,184.0,3.0,4.0,8.0,31.0,310.0,131.0,16.0,75.0,177.0,60.0,288.0,15.0,153.0,2.0,715.0,244.0,471.0,120.0,3.0,8.0,30.0,10.0,65.0,78.0,104.0,11.0,13.0,3.0,86.0,334.0,32.0,193.0,413.0,370.0,237.0,18.0,10.0,16.0,49.0,291.0,190.0,44.0,52.0,137.0,41.0,485.0,41.0,171.0,3.0,1174.0,505.0,669.0,136.0,50.0,37.0,23.0,13.0,39.0,119.0,90.0,86.0,24.0,7.0,185.0,262.0,74.0,281.0,11406.0,9683.0,7231.0,1057.0,447.0,1595.0,4590.0,8201.0,2818.0,794.0,5354.0,3828.0,1028.0,5877.0,1179.0,16706.0,252.0,17323.0,7482.0,9841.0,2855.0,331.0,332.0,3410.0,1307.0,4047.0,11352.0,2553.0,663.0,641.0,81.0,3207.0,5868.0,2381.0,5661.0,1089.0,1159.0,734.0,73.0,27.0,54.0,224.0,957.0,531.0,136.0,230.0,484.0,119.0,1265.0,70.0,741.0,14.0,3153.0,1307.0,1847.0,450.0,57.0,76.0,118.0,100.0,129.0,511.0,344.0,134.0,59.0,14.0,506.0,779.0,245.0,846.0,1129.0,1041.0,793.0,79.0,38.0,104.0,459.0,1220.0,373.0,116.0,366.0,718.0,151.0,1115.0,91.0,1236.0,18.0,2642.0,928.0,1714.0,438.0,34.0,38.0,171.0,99.0,267.0,870.0,341.0,72.0,70.0,11.0,367.0,1069.0,221.0,843.0
2019,12262.0,10422.0,8093.0,1049.0,401.0,1385.0,4225.0,9800.0,3681.0,985.0,5009.0,4670.0,1238.0,7915.0,1264.0,15401.0,226.0,22040.0,9368.0,12671.0,3417.0,417.0,429.0,3107.0,1200.0,3809.0,10392.0,3137.0,845.0,729.0,101.0,3857.0,7411.0,2440.0,6613.0,6136.0,4968.0,4170.0,563.0,222.0,671.0,2284.0,5401.0,1634.0,478.0,2569.0,2597.0,627.0,3561.0,669.0,8120.0,117.0,10031.0,4204.0,5827.0,1597.0,187.0,193.0,1694.0,610.0,1959.0,5551.0,1743.0,380.0,391.0,42.0,1712.0,3750.0,1235.0,3292.0,10576.0,8981.0,6712.0,922.0,426.0,1402.0,4153.0,6978.0,2698.0,795.0,4653.0,3218.0,925.0,5981.0,976.0,14854.0,215.0,16988.0,7472.0,9516.0,2530.0,382.0,377.0,3083.0,1132.0,3521.0,10201.0,2180.0,760.0,604.0,80.0,3219.0,5098.0,2075.0,5378.0,2851.0,2352.0,2089.0,207.0,48.0,247.0,964.0,3217.0,1051.0,247.0,977.0,1808.0,429.0,2562.0,277.0,2881.0,43.0,6649.0,2448.0,4201.0,1184.0,55.0,80.0,395.0,247.0,730.0,1904.0,985.0,134.0,146.0,27.0,1016.0,2840.0,578.0,2037.0,197.0,187.0,192.0,8.0,1.0,8.0,39.0,337.0,113.0,15.0,78.0,193.0,43.0,195.0,19.0,151.0,4.0,597.0,244.0,353.0,112.0,3.0,11.0,13.0,17.0,62.0,73.0,117.0,14.0,8.0,3.0,102.0,315.0,27.0,167.0,356.0,406.0,234.0,32.0,6.0,20.0,83.0,308.0,108.0,42.0,71.0,144.0,43.0,581.0,42.0,254.0,5.0,1167.0,402.0,764.0,135.0,48.0,36.0,38.0,17.0,54.0,183.0,104.0,83.0,18.0,6.0,169.0,357.0,103.0,273.0,11398.0,9717.0,7401.0,985.0,469.0,1618.0,4568.0,8069.0,2916.0,795.0,5344.0,3737.0,1065.0,6197.0,1175.0,16564.0,242.0,17869.0,7702.0,10167.0,2823.0,324.0,333.0,3337.0,1280.0,4064.0,11219.0,2497.0,656.0,660.0,81.0,3335.0,5903.0,2266.0,5816.0,1125.0,1089.0,773.0,69.0,20.0,56.0,237.0,1012.0,499.0,130.0,219.0,537.0,124.0,1214.0,77.0,743.0,11.0,3072.0,1257.0,1815.0,463.0,63.0,79.0,130.0,88.0,131.0,524.0,350.0,141.0,48.0,14.0,486.0,789.0,232.0,818.0,1183.0,1001.0,782.0,110.0,30.0,75.0,408.0,1310.0,424.0,107.0,350.0,754.0,129.0,991.0,87.0,1167.0,19.0,2574.0,1007.0,1567.0,436.0,41.0,35.0,175.0,96.0,254.0,817.0,387.0,76.0,83.0,11.0,400.0,1000.0,250.0,834.0
2020,12227.0,10382.0,8156.0,1031.0,445.0,1391.0,4110.0,9960.0,3597.0,987.0,5061.0,4860.0,1280.0,7948.0,1244.0,15264.0,233.0,22191.0,9433.0,12758.0,3432.0,426.0,440.0,2993.0,1243.0,3818.0,10203.0,3116.0,867.0,740.0,97.0,3982.0,7514.0,2396.0,6740.0,6039.0,5027.0,4009.0,510.0,223.0,666.0,2099.0,5370.0,1669.0,443.0,2507.0,2625.0,621.0,3735.0,661.0,7855.0,130.0,10384.0,4331.0,6054.0,1659.0,176.0,200.0,1720.0,600.0,1908.0,5348.0,1709.0,376.0,375.0,38.0,1842.0,3899.0,1208.0,3429.0,10348.0,9180.0,6703.0,886.0,440.0,1398.0,3950.0,7106.0,2835.0,792.0,4546.0,3310.0,932.0,5984.0,1013.0,14601.0,211.0,17200.0,7664.0,9536.0,2537.0,381.0,381.0,3171.0,1137.0,3409.0,10056.0,2207.0,762.0,576.0,83.0,3275.0,5199.0,2122.0,5357.0,2835.0,2300.0,2093.0,190.0,51.0,224.0,971.0,2928.0,1029.0,231.0,940.0,1556.0,394.0,2646.0,262.0,2798.0,39.0,6645.0,2398.0,4247.0,1188.0,87.0,73.0,384.0,213.0,727.0,1858.0,960.0,160.0,151.0,20.0,978.0,2667.0,493.0,1983.0,167.0,115.0,135.0,12.0,3.0,14.0,32.0,246.0,79.0,17.0,57.0,154.0,52.0,153.0,11.0,140.0,1.0,503.0,186.0,316.0,108.0,5.0,10.0,21.0,4.0,52.0,83.0,71.0,15.0,10.0,3.0,75.0,290.0,26.0,156.0,298.0,291.0,189.0,24.0,4.0,16.0,55.0,257.0,110.0,34.0,41.0,137.0,35.0,387.0,32.0,174.0,5.0,890.0,348.0,542.0,115.0,39.0,37.0,30.0,11.0,29.0,133.0,70.0,76.0,18.0,6.0,127.0,281.0,66.0,196.0,12127.0,10182.0,7574.0,1004.0,461.0,1660.0,4715.0,8400.0,3074.0,828.0,5439.0,3898.0,1102.0,6465.0,1206.0,16936.0,246.0,18647.0,8113.0,10533.0,2884.0,345.0,324.0,3410.0,1324.0,4115.0,11497.0,2628.0,669.0,668.0,83.0,3543.0,5975.0,2253.0,5871.0,797.0,812.0,652.0,63.0,20.0,28.0,123.0,795.0,390.0,116.0,134.0,404.0,104.0,1117.0,68.0,475.0,13.0,2627.0,1008.0,1619.0,389.0,53.0,82.0,95.0,49.0,85.0,341.0,287.0,135.0,36.0,10.0,368.0,648.0,180.0,808.0,1051.0,990.0,813.0,80.0,31.0,76.0,401.0,1290.0,443.0,110.0,343.0,756.0,130.0,1093.0,85.0,1102.0,19.0,2694.0,993.0,1701.0,465.0,40.0,42.0,152.0,103.0,239.0,760.0,374.0,81.0,74.0,13.0,358.0,1091.0,284.0,856.0
2021,12372.0,10446.0,8100.0,1029.0,411.0,1387.0,4195.0,9812.0,3633.0,988.0,4964.0,4758.0,1274.0,8080.0,1245.0,15252.0,214.0,22469.0,9549.0,12920.0,3467.0,412.0,442.0,3052.0,1221.0,3743.0,10288.0,3082.0,854.0,727.0,100.0,4074.0,7410.0,2325.0,6880.0,5909.0,5130.0,3947.0,500.0,216.0,775.0,2179.0,5135.0,1623.0,440.0,2404.0,2559.0,651.0,3615.0,599.0,7889.0,119.0,10217.0,4323.0,5894.0,1591.0,180.0,201.0,1697.0,615.0,1789.0,5486.0,1566.0,381.0,412.0,37.0,1879.0,3704.0,1150.0,3402.0,10143.0,8898.0,6610.0,920.0,425.0,1288.0,3952.0,7130.0,2697.0,771.0,4441.0,3386.0,877.0,5978.0,1077.0,14342.0,219.0,16706.0,7240.0,9466.0,2530.0,377.0,374.0,3098.0,1145.0,3296.0,9902.0,2127.0,750.0,540.0,81.0,3022.0,5114.0,2063.0,5350.0,2988.0,2578.0,2028.0,195.0,62.0,247.0,835.0,3052.0,1112.0,261.0,998.0,1619.0,463.0,2668.0,226.0,2774.0,43.0,7044.0,2707.0,4337.0,1184.0,85.0,82.0,394.0,206.0,792.0,1776.0,1004.0,167.0,202.0,22.0,1166.0,2690.0,588.0,1998.0,109.0,72.0,89.0,7.0,1.0,10.0,39.0,160.0,51.0,8.0,49.0,89.0,30.0,135.0,12.0,114.0,1.0,350.0,119.0,231.0,64.0,3.0,5.0,8.0,6.0,43.0,65.0,51.0,8.0,8.0,2.0,52.0,224.0,15.0,116.0,257.0,238.0,146.0,6.0,3.0,12.0,62.0,228.0,94.0,32.0,43.0,129.0,21.0,268.0,26.0,149.0,2.0,688.0,318.0,370.0,75.0,34.0,30.0,21.0,6.0,37.0,106.0,61.0,64.0,11.0,6.0,128.0,196.0,69.0,158.0,11772.0,10113.0,7774.0,1061.0,456.0,1581.0,4648.0,8521.0,3062.0,842.0,5368.0,4021.0,1123.0,6655.0,1193.0,16786.0,245.0,18836.0,8017.0,10819.0,2958.0,357.0,350.0,3428.0,1336.0,4032.0,11418.0,2633.0,707.0,674.0,83.0,3406.0,6224.0,2243.0,6017.0,934.0,888.0,563.0,53.0,23.0,49.0,100.0,826.0,429.0,119.0,148.0,436.0,99.0,1013.0,72.0,481.0,9.0,2608.0,1082.0,1526.0,403.0,46.0,71.0,99.0,66.0,82.0,333.0,281.0,117.0,37.0,12.0,417.0,647.0,211.0,673.0,1201.0,1040.0,808.0,85.0,29.0,88.0,433.0,1261.0,470.0,108.0,368.0,695.0,136.0,1113.0,90.0,1184.0,21.0,2853.0,1115.0,1739.0,479.0,30.0,38.0,159.0,99.0,269.0,815.0,388.0,68.0,88.0,10.0,469.0,1011.0,261.0,978.0
2022,11925.0,10167.0,7982.0,1023.0,409.0,1373.0,4104.0,9602.0,3599.0,973.0,4749.0,4686.0,1203.0,7810.0,1232.0,14848.0,217.0,21899.0,9413.0,12486.0,3374.0,419.0,421.0,2972.0,1151.0,3597.0,10099.0,2958.0,840.0,725.0,99.0,4000.0,7234.0,2345.0,6695.0,5883.0,5011.0,4045.0,536.0,219.0,713.0,2179.0,5207.0,1712.0,431.0,2421.0,2599.0,575.0,3587.0,637.0,7817.0,111.0,10095.0,4279.0,5816.0,1612.0,167.0,199.0,1640.0,564.0,1857.0,5397.0,1568.0,365.0,403.0,42.0,1771.0,3597.0,1163.0,3420.0,10349.0,8508.0,6176.0,900.0,415.0,1248.0,3879.0,6788.0,2750.0,777.0,4270.0,3102.0,892.0,5783.0,996.0,13913.0,212.0,16381.0,7140.0,9240.0,2491.0,343.0,361.0,2988.0,1056.0,3214.0,9643.0,2142.0,704.0,549.0,75.0,2910.0,4997.0,2036.0,5017.0,2855.0,2587.0,2187.0,184.0,53.0,226.0,909.0,3119.0,1035.0,253.0,982.0,1740.0,413.0,2844.0,256.0,2865.0,38.0,7090.0,2620.0,4471.0,1184.0,100.0,98.0,473.0,259.0,722.0,1883.0,932.0,198.0,190.0,29.0,1134.0,2755.0,540.0,2150.0,112.0,106.0,135.0,10.0,1.0,2.0,33.0,215.0,58.0,8.0,53.0,146.0,42.0,172.0,8.0,109.0,3.0,435.0,118.0,317.0,100.0,5.0,8.0,7.0,12.0,41.0,55.0,57.0,12.0,5.0,3.0,39.0,251.0,27.0,128.0,268.0,329.0,175.0,8.0,4.0,9.0,45.0,257.0,100.0,35.0,64.0,120.0,39.0,369.0,26.0,154.0,3.0,876.0,365.0,511.0,99.0,45.0,38.0,21.0,16.0,48.0,90.0,94.0,83.0,17.0,5.0,147.0,248.0,79.0,188.0,11611.0,9558.0,7287.0,977.0,448.0,1580.0,4412.0,8079.0,2993.0,798.0,5243.0,3738.0,1049.0,6433.0,1175.0,16226.0,233.0,18102.0,7772.0,10330.0,2766.0,330.0,342.0,3334.0,1281.0,3963.0,10983.0,2508.0,672.0,659.0,82.0,3310.0,5851.0,2240.0,5861.0,920.0,986.0,676.0,92.0,23.0,48.0,182.0,889.0,457.0,119.0,171.0,493.0,99.0,1001.0,64.0,664.0,7.0,2656.0,1128.0,1529.0,417.0,54.0,70.0,139.0,58.0,113.0,492.0,285.0,124.0,47.0,12.0,428.0,738.0,201.0,688.0,1259.0,1154.0,847.0,108.0,29.0,78.0,362.0,1329.0,449.0,133.0,312.0,704.0,135.0,1143.0,107.0,1081.0,21.0,2894.0,1132.0,1762.0,473.0,40.0,42.0,172.0,88.0,224.0,769.0,448.0,82.0,70.0,10.0,468.0,943.0,236.0,865.0
2023,11988.0,10186.0,7942.0,1016.0,403.0,1356.0,3992.0,9485.0,3569.0,935.0,4883.0,4610.0,1188.0,7750.0,1232.0,14881.0,232.0,21525.0,9190.0,12336.0,3301.0,396.0,439.0,2999.0,1216.0,3667.0,9999.0,2946.0,834.0,698.0,97.0,3851.0,7016.0,2256.0,6503.0,5839.0,4811.0,3882.0,505.0,202.0,721.0,2133.0,5014.0,1572.0,448.0,2458.0,2545.0,550.0,3438.0,644.0,7740.0,130.0,9672.0,4073.0,5599.0,1567.0,185.0,208.0,1591.0,621.0,1837.0,5282.0,1442.0,392.0,383.0,45.0,1661.0,3569.0,1073.0,3252.0,9748.0,8427.0,6291.0,836.0,418.0,1176.0,3745.0,6731.0,2484.0,793.0,4136.0,3028.0,840.0,5775.0,1002.0,13441.0,207.0,16076.0,7029.0,9047.0,2357.0,360.0,344.0,2924.0,1033.0,3103.0,9306.0,2161.0,704.0,539.0,75.0,3047.0,4887.0,1916.0,4979.0,3107.0,2655.0,2166.0,224.0,66.0,250.0,995.0,3132.0,1188.0,239.0,1058.0,1713.0,442.0,2812.0,257.0,3117.0,37.0,7264.0,2709.0,4555.0,1275.0,85.0,104.0,487.0,253.0,805.0,2059.0,956.0,189.0,206.0,26.0,1093.0,2725.0,595.0,2265.0,152.0,160.0,117.0,11.0,2.0,14.0,36.0,209.0,63.0,11.0,32.0,118.0,38.0,171.0,10.0,118.0,2.0,472.0,176.0,296.0,83.0,3.0,11.0,19.0,5.0,27.0,85.0,68.0,14.0,12.0,3.0,88.0,267.0,30.0,72.0,350.0,330.0,177.0,24.0,4.0,17.0,51.0,263.0,109.0,38.0,54.0,124.0,44.0,402.0,29.0,187.0,5.0,933.0,395.0,538.0,86.0,37.0,31.0,33.0,11.0,42.0,134.0,90.0,68.0,19.0,7.0,181.0,271.0,79.0,176.0,11407.0,9394.0,7317.0,978.0,447.0,1499.0,4414.0,8041.0,2933.0,815.0,5188.0,3752.0,1033.0,6199.0,1125.0,15954.0,227.0,17776.0,7710.0,10066.0,2756.0,342.0,340.0,3199.0,1250.0,3938.0,10766.0,2539.0,683.0,625.0,79.0,3279.0,5787.0,2108.0,5759.0,955.0,1043.0,680.0,68.0,24.0,54.0,179.0,916.0,447.0,118.0,189.0,455.0,102.0,1115.0,84.0,682.0,14.0,2712.0,1089.0,1623.0,393.0,54.0,73.0,154.0,76.0,113.0,493.0,324.0,127.0,53.0,13.0,398.0,648.0,228.0,758.0,1162.0,1257.0,844.0,105.0,22.0,100.0,458.0,1320.0,487.0,110.0,362.0,762.0,159.0,1196.0,122.0,1274.0,22.0,3010.0,1110.0,1900.0,535.0,37.0,37.0,204.0,123.0,239.0,912.0,355.0,75.0,81.0,11.0,438.0,1129.0,259.0,953.0
